#INFO,Version=1.0.0,Template= eBay-active-revise-price-quantity-download_US,,,,,,,,,
Action,Category name,Item number,Title,Listing site,Currency,Start price,Buy It Now price,Available quantity,Relationship,Relationship details,Custom label (SKU)
Revise,"CCG Individual Cards (183454)","306468718541",Unseen Forces #35/115 Bayleef,"US","USD","1.99",,"1",,,61-j1x8p
Revise,"CCG Individual Cards (183454)","306468718544",Delta Species #52/113 Rapidash,"US","USD","2.0",,"1",,,58-j1x8m
Revise,"CCG Individual Cards (183454)","306468718545",SWSH05: Battle Styles #104/163 Bisharp,"US","USD","0.99",,"1",,,64-j1x8s
Revise,"CCG Individual Cards (183454)","306468718546",Lileep - Legend Maker Pokemon,"US","USD","1.99",,"1",,,54-j1x8i
Revise,"CCG Individual Cards (183454)","306468718547",Delta Species #45/113 Illumise,"US","USD","1.99",,"1",,,56-j1x8k
Revise,"CCG Individual Cards (183454)","306468718551",Deoxys #72/107 Shroomish,"US","USD","1.99",,"1",,,51-j1x8f
Revise,"CCG Individual Cards (183454)","306468781357",FireRed & LeafGreen #64/112 Growlithe,"US","USD","2.0",,"1",,,65-j1y3j
Revise,"CCG Individual Cards (183454)","306469225055",Emerging Powers #86/98 Rufflet (86),"US","USD","1.0",,"1",,,67-j2foe
Revise,"CCG Individual Cards (183454)","306469225056",Holon Phantoms #33/110 Torkoal,"US","USD","2.0",,"1",,,79-j2fs3
Revise,"CCG Individual Cards (183454)","306469225058",Power Keepers #67/108 Torchic,"US","USD","1.5",,"1",,,76-j2fs0
Revise,"CCG Individual Cards (183454)","306469225064",Dragon Frontiers #33/101 Kirlia (Delta Species),"US","USD","2.5",,"1",,,77-j2fs1
Revise,"CCG Individual Cards (183454)","306469225069",Team Magma vs Team Aqua #34/95 Team Magma's Houndoom,"US","USD","4.5",,"1",,,75-j2frz
Revise,"CCG Individual Cards (183454)","306469225071",Dragon Frontiers #61/101 Ralts (Delta Species),"US","USD","1.99",,"1",,,69-j2frt
Revise,"CCG Individual Cards (183454)","306469225076",Unseen Forces #73/115 Slugma,"US","USD","2.0",,"1",,,82-j2fs6
Revise,"CCG Individual Cards (183454)","306471557482",SV09: Journey Together #079/159 Mamoswine ex,"US","USD","2.0",,"1",,,86-j4q3a
Revise,"CCG Individual Cards (183454)","306471557504",SV04: Paradox Rift #100/182 Toxtricity ex,"US","USD","2.25",,"1",,,87-j4q3b
Revise,"CCG Individual Cards (183454)","306471557554",SV09: Journey Together #030/159 Reshiram ex,"US","USD","1.99",,"1",,,88-j4q3c
Revise,"CCG Individual Cards (183454)","306471557618",SV10: Destined Rivals #003/182 Yanmega ex,"US","USD","1.99",,"1",,,89-j4q3d
Revise,"CCG Individual Cards (183454)","306471557728",SV: Black Bolt #003/086 Serperior ex,"US","USD","2.0",,"1",,,90-j4q3e
Revise,"CCG Individual Cards (183454)","306471557802",SV10: Destined Rivals #003/182 Yanmega ex,"US","USD","1.99",,"1",,,94-j4q3i
Revise,"CCG Individual Cards (183454)","306471557846",Rising Rivals #64/111 Hippopotas,"US","USD","1.49",,"1",,,95-j4q3j
Revise,"CCG Individual Cards (183454)","306471558002",Great Encounters #28/106 Slowking,"US","USD","4.0",,"1",,,97-j4q3l
Revise,"CCG Individual Cards (183454)","306471558143",Diamond and Pearl #46/130 Drifloon,"US","USD","1.49",,"1",,,98-j4q3m
Revise,"CCG Individual Cards (183454)","306471558274",Black and White #23/114 Darumaka (23),"US","USD","1.49",,"1",,,99-j4q3n
Revise,"CCG Individual Cards (183454)","306471558654",Rising Rivals #43/111 Infernape E4,"US","USD","4.0",,"1",,,104-j4q3s
Revise,"CCG Individual Cards (183454)","306471558775",Arceus #72/99 Ponyta (72),"US","USD","1.75",,"1",,,105-j4q3t
Revise,"CCG Individual Cards (183454)","306472197875",Plasma Blast #89/101 Silver Mirror,"US","USD","1.49",,"1",,,102-j4q3q
Revise,"CCG Individual Cards (183454)","306472198079",BW Trainer Kit: Excadrill & Zoroark #13/30 Drilbur (#13),"US","USD","1.49",,"1",,,100-j4q3o
Revise,"CCG Individual Cards (183454)","306478326558",Arceus #35/99 Charmeleon,"US","USD","1.49",,"1",,,107-jbqdg
Revise,"CCG Individual Cards (183454)","306478326560",Diamond and Pearl #76/130 Chimchar,"US","USD","1.99",,"1",,,108-jbqdi
Revise,"CCG Individual Cards (183454)","306478326614",Crystal Guardians #70/100 Wingull,"US","USD","1.49",,"1",,,111-jbqdq
Revise,"CCG Individual Cards (183454)","306478326643",Diamond and Pearl #89/130 Meditite,"US","USD","1.49",,"1",,,114-jbqdy
Revise,"CCG Individual Cards (183454)","306478326670",Great Encounters #64/106 Clamperl,"US","USD","1.99",,"1",,,115-jbqe3
Revise,"CCG Individual Cards (183454)","306478326720",Mysterious Treasures #100/123 Snorunt,"US","USD","1.49",,"1",,,121-jbqee
Revise,"CCG Individual Cards (183454)","306478326750",FireRed & LeafGreen #64/112 Growlithe,"US","USD","1.99",,"1",,,125-jbqer
Revise,"CCG Individual Cards (183454)","306478326762",Diamond and Pearl #95/130 Rhyhorn,"US","USD","1.49",,"1",,,130-jbqnf
Revise,"CCG Individual Cards (183454)","306478326771",Diamond and Pearl #71/130 Bonsly,"US","USD","6.99",,"0",,,126-jbqex
Revise,"CCG Individual Cards (183454)","306478326788",SWSH05: Battle Styles #015/163 Lurantis,"US","USD","1.49",,"1",,,128-jbqgw
Revise,"CCG Individual Cards (183454)","306478326792",SWSH05: Battle Styles #081/163 Silicobra,"US","USD","1.49",,"1",,,129-jbqh4
Revise,"CCG Individual Cards (183454)","306478347146",SWSH05: Battle Styles #007/163 Cherubi,"US","USD","0.99",,"1",,,131-jbseg
Revise,"CCG Individual Cards (183454)","306478347152",SWSH05: Battle Styles #049/163 Pachirisu,"US","USD","1.49",,"1",,,132-jbsei
Revise,"CCG Individual Cards (183454)","306478347166",SWSH05: Battle Styles #059/163 Chimecho,"US","USD","1.49",,"1",,,133-jbsej
Revise,"CCG Individual Cards (183454)","306478347180",SWSH05: Battle Styles #007/163 Cherubi,"US","USD","0.99",,"1",,,134-jbsel
Revise,"CCG Individual Cards (183454)","306478347185",SWSH05: Battle Styles #090/163 Golbat,"US","USD","0.99",,"1",,,135-jbsen
Revise,"CCG Individual Cards (183454)","306478347197",SWSH05: Battle Styles #105/163 Honedge,"US","USD","0.99",,"1",,,136-jbsep
Revise,"CCG Individual Cards (183454)","306478347236",SWSH05: Battle Styles #122/163 Camping Gear,"US","USD","0.99",,"1",,,139-jbset
Revise,"CCG Individual Cards (183454)","306478347244",SWSH05: Battle Styles #067/163 Primeape,"US","USD","0.99",,"1",,,140-jbsev
Revise,"CCG Individual Cards (183454)","306478347255",SWSH05: Battle Styles #010/163 Durant,"US","USD","0.99",,"1",,,141-jbsew
Revise,"CCG Individual Cards (183454)","306478347263",SWSH05: Battle Styles #049/163 Pachirisu,"US","USD","1.49",,"1",,,142-jbsf0
Revise,"CCG Individual Cards (183454)","306478347289",SWSH05: Battle Styles #105/163 Honedge,"US","USD","0.99",,"1",,,143-jbsf5
Revise,"CCG Individual Cards (183454)","306478347291",Mysterious Treasures #62/123 Sealeo,"US","USD","1.49",,"1",,,144-jbsf7
Revise,"CCG Individual Cards (183454)","306478347311",Diamond and Pearl #43/130 Budew,"US","USD","5.49",,"1",,,145-jbsf8
Revise,"CCG Individual Cards (183454)","306478347341",Diamond and Pearl #99/130 Skorupi,"US","USD","1.99",,"1",,,148-jbsfg
Revise,"CCG Individual Cards (183454)","306478347389",FireRed & LeafGreen #35/112 Ivysaur,"US","USD","2.99",,"1",,,151-jbsfo
Revise,"CCG Individual Cards (183454)","306478347390",Deoxys #82/107 Wurmple,"US","USD","1.99",,"1",,,152-jbsfs
Revise,"CCG Individual Cards (183454)","306478347402",Legend Maker #30/92 Cascoon,"US","USD","2.49",,"1",,,153-jbsft
Revise,"CCG Individual Cards (183454)","306478347417",Emerald #51/106 Gulpin,"US","USD","2.99",,"1",,,155-jbsfw
Revise,"CCG Individual Cards (183454)","306480305015",Plasma Freeze #62/116 Makuhita,"US","USD","1.49",,"1",,,156-jdmy9
Revise,"CCG Individual Cards (183454)","306480305036",Plasma Freeze #71/116 Pawniard (71),"US","USD","1.49",,"1",,,157-jdmyc
Revise,"CCG Individual Cards (183454)","306480305061",Supreme Victors #92 Buizel,"US","USD","1.49",,"1",,,158-jdmyd
Revise,"CCG Individual Cards (183454)","306480305077",Mysterious Treasures #85/123 Gible,"US","USD","1.49",,"1",,,159-jdmye
Revise,"CCG Individual Cards (183454)","306480305306",Diamond and Pearl #59/130 Rapidash,"US","USD","1.49",,"1",,,168-jdmz1
Revise,"CCG Individual Cards (183454)","306480305363",Fossil #49/62 Horsea,"US","USD","1.49",,"1",,,169-jdmz3
Revise,"CCG Individual Cards (183454)","306480305370",Plasma Freeze #89/116 Eevee (89),"US","USD","5.99",,"1",,,170-jdmz4
Revise,"CCG Individual Cards (183454)","306480305406",Delta Species #85/113 Staryu,"US","USD","1.99",,"1",,,172-jdmz8
Revise,"CCG Individual Cards (183454)","306480305445",Dragon #58/97 Horsea,"US","USD","2.49",,"1",,,173-jdmzb
Revise,"CCG Individual Cards (183454)","306480305448",Supreme Victors #57 Drifblim,"US","USD","2.49",,"1",,,174-jdmzd
Revise,"CCG Individual Cards (183454)","306480305568",Fossil #54/62 Shellder,"US","USD","1.49",,"1",,,175-jdmzf
Revise,"CCG Individual Cards (183454)","306480305684",Supreme Victors #101 Croagunk,"US","USD","1.49",,"1",,,181-jdmzq
Revise,"CCG Individual Cards (183454)","306480331754",Unseen Forces #74/115 Snubbull,"US","USD","1.49",,"1",,,186-jdtq1
Revise,"CCG Individual Cards (183454)","306480331838",FireRed & LeafGreen #62/112 Doduo,"US","USD","1.99",,"1",,,188-jdtq6
Revise,"CCG Individual Cards (183454)","306480331880",Dragon #49/97 Bagon,"US","USD","1.49",,"1",,,189-jdtq7
Revise,"CCG Individual Cards (183454)","306480331890",Diamond and Pearl #79/130 Combee,"US","USD","1.49",,"1",,,190-jdtqa
Revise,"CCG Individual Cards (183454)","306480331978",Mysterious Treasures #55/123 Masquerain,"US","USD","1.99",,"1",,,193-jdtre
Revise,"CCG Individual Cards (183454)","306480332049",Great Encounters #45/106 Magcargo,"US","USD","1.99",,"1",,,195-jdtrm
Revise,"CCG Individual Cards (183454)","306480332151",Diamond and Pearl #98/130 Shinx,"US","USD","1.99",,"1",,,198-jdtrp
Revise,"CCG Individual Cards (183454)","306480332190",Diamond and Pearl #98/130 Shinx,"US","USD","1.99",,"1",,,199-jdtrr
Revise,"CCG Individual Cards (183454)","306481903092",SV04: Paradox Rift #093/182 Groudon Holo,"US","USD","1.49",,"1",,,208-jf49c
Revise,"CCG Individual Cards (183454)","306481903103",SV04: Paradox Rift #118/182 Yveltal Holo,"US","USD","1.49",,"1",,,209-jf49d
Revise,"CCG Individual Cards (183454)","306481903123",Neo Discovery #61/75 Pineco,"US","USD","1.49",,"1",,,210-jf49e
Revise,"CCG Individual Cards (183454)","306481903164",McDonald's Promos 2023 #011/015 Klawf Holo,"US","USD","2.99",,"1",,,212-jf49g
Revise,"CCG Individual Cards (183454)","306481903201",SV: Scarlet & Violet Promo Cards #062 Sinistea Holo,"US","USD","1.49",,"1",,,214-jf49i
Revise,"CCG Individual Cards (183454)","306481903258",SV: Scarlet & Violet Promo Cards #061 Pineco Holo,"US","USD","1.49",,"1",,,216-jf49k
Revise,"CCG Individual Cards (183454)","306481903261",SWSH: Sword & Shield Promo Cards #SWSH220 Rowlet Holo,"US","USD","1.49",,"1",,,215-jf49j
Revise,"CCG Individual Cards (183454)","306481903275",SV: Scarlet & Violet Promo Cards #149 Pecharunt Holo,"US","USD","1.99",,"1",,,217-jf49l
Revise,"CCG Individual Cards (183454)","306481903284",SV02: Paldea Evolved #126/193 Glimmora Holo,"US","USD","1.49",,"1",,,218-jf49m
Revise,"CCG Individual Cards (183454)","306481903312",SV: Scarlet & Violet Promo Cards #094 Bellibolt Holo,"US","USD","1.99",,"1",,,219-jf49n
Revise,"CCG Individual Cards (183454)","306481903322",SV: Scarlet & Violet Promo Cards #093 Carvanha Holo,"US","USD","1.49",,"1",,,220-jf49o
Revise,"CCG Individual Cards (183454)","306481903360",SV: Scarlet & Violet Promo Cards #120 Pupitar Holo,"US","USD","1.49",,"1",,,222-jf49q
Revise,"CCG Individual Cards (183454)","306481903381",SWSH03: Darkness Ablaze #104/189 Crobat V Holo,"US","USD","1.99",,"1",,,224-jf49s
Revise,"CCG Individual Cards (183454)","306481903451",SV04: Paradox Rift #073/182 Latios Holo,"US","USD","1.99",,"1",,,225-jf49t
Revise,"CCG Individual Cards (183454)","306481903463",SV: Prismatic Evolutions #121/131 Professor Turo's Scenario Holo,"US","USD","1.49",,"1",,,226-jf49u
Revise,"CCG Individual Cards (183454)","306481903514",Shining Fates #008/072 Decidueye Holo,"US","USD","1.49",,"1",,,228-jf49w
Revise,"CCG Individual Cards (183454)","306481903590",Shining Fates #013/072 Rillaboom Holo,"US","USD","1.49",,"1",,,231-jf49z
Revise,"CCG Individual Cards (183454)","306486297877",SWSH11: Lost Origin #107/196 Barbaracle Reverse Holo,"US","USD","1.49",,"1",,,287-jik27
Revise,"CCG Individual Cards (183454)","306486298103",SV04: Paradox Rift #099/182 Minior Reverse Holo,"US","USD","1.49",,"1",,,288-jik28
Revise,"CCG Individual Cards (183454)","306486298157",SWSH11: Lost Origin #165/196 Panic Mask Reverse Holo,"US","USD","1.99",,"1",,,289-jik29
Revise,"CCG Individual Cards (183454)","306486298238",SV08: Surging Sparks #113/191 Grapploct Reverse Holo,"US","USD","1.49",,"1",,,291-jik2b
Revise,"CCG Individual Cards (183454)","306486298298",SV04: Paradox Rift #081/182 Espathra Holo,"US","USD","1.49",,"1",,,292-jik2g
Revise,"CCG Individual Cards (183454)","306486298384",SWSH03: Darkness Ablaze #064/189 Pincurchin Holo,"US","USD","1.49",,"1",,,293-jik2k
Revise,"CCG Individual Cards (183454)","306486298475",SV03: Obsidian Flames #085/197 Togekiss Reverse Holo,"US","USD","1.49",,"1",,,294-jik2m
Revise,"CCG Individual Cards (183454)","306486298587",SV04: Paradox Rift #061/182 Minun Reverse Holo,"US","USD","1.49",,"1",,,295-jik2o
Revise,"CCG Individual Cards (183454)","306486298705",SWSH03: Darkness Ablaze #173/189 Yell Horn Reverse Holo,"US","USD","1.49",,"1",,,296-jik2p
Revise,"CCG Individual Cards (183454)","306486298798",SV04: Paradox Rift #044/182 Vanillish Reverse Holo,"US","USD","1.49",,"1",,,299-jik30
Revise,"CCG Individual Cards (183454)","306486298813",SWSH10: Astral Radiance #067/189 Azelf Reverse Holo,"US","USD","1.49",,"1",,,300-jik39
Revise,"CCG Individual Cards (183454)","306486298848",SWSH10: Astral Radiance #038/189 Glaceon Reverse Holo,"US","USD","1.99",,"1",,,302-jik3p
Revise,"CCG Individual Cards (183454)","306486298860",SV04: Paradox Rift #147/182 Miltank Reverse Holo,"US","USD","1.49",,"1",,,303-jik3r
Revise,"CCG Individual Cards (183454)","306486298876",SWSH11: Lost Origin #127/196 Galarian Stunfisk Reverse Holo,"US","USD","1.49",,"1",,,304-jik3t
Revise,"CCG Individual Cards (183454)","306486298920",SV04: Paradox Rift #067/182 Oricorio Reverse Holo,"US","USD","1.49",,"1",,,307-jik3y
Revise,"CCG Individual Cards (183454)","306486298921",SV03: Obsidian Flames #126/197 Paldean Wooper Reverse Holo,"US","USD","1.49",,"1",,,306-jik3w
Revise,"CCG Individual Cards (183454)","306486299005",SV04: Paradox Rift #154/182 Tandemaus Reverse Holo,"US","USD","2.49",,"1",,,308-jik40
Revise,"CCG Individual Cards (183454)","306486299030",SWSH11: Lost Origin #041/196 Lumineon Reverse Holo,"US","USD","1.49",,"1",,,309-jik43
Revise,"CCG Individual Cards (183454)","306486299572",XY - Evolutions #8/108 Tangela,"US","USD","1.49",,"1",,,315-jik4f
Revise,"CCG Individual Cards (183454)","306486299796",Delta Species #74/113 Magnemite,"US","USD","1.49",,"1",,,317-jik4j
Revise,"CCG Individual Cards (183454)","306486300126",Emerging Powers #29/98 Cubchoo (29),"US","USD","1.49",,"1",,,321-jik4q
Revise,"CCG Individual Cards (183454)","306486300714",XY - Ancient Origins #61/98 Meowth,"US","USD","1.99",,"1",,,328-jik5c
Revise,"CCG Individual Cards (183454)","306486300917",XY - Ancient Origins #10/98 Vespiquen (10),"US","USD","1.99",,"1",,,330-jik5h
Revise,"CCG Individual Cards (183454)","306486301069",XY - Ancient Origins #23/98 Relicanth,"US","USD","1.49",,"1",,,331-jik5i
Revise,"CCG Individual Cards (183454)","306486301167",XY - Ancient Origins #52/98 Ralts,"US","USD","1.99",,"1",,,332-jik5k
Revise,"CCG Individual Cards (183454)","306486301386",XY - Ancient Origins #41/98 Golurk (41),"US","USD","1.49",,"1",,,333-jik5l
Revise,"CCG Individual Cards (183454)","306486301464",XY - Ancient Origins #22/98 Vaporeon,"US","USD","1.99",,"1",,,334-jik5m
Revise,"CCG Individual Cards (183454)","306486301737",Plasma Blast #82/101 Plume Fossil,"US","USD","1.49",,"1",,,335-jik5n
Revise,"CCG Individual Cards (183454)","306486301824",Expedition #157/165 Switch,"US","USD","2.99",,"1",,,336-jik5r
Revise,"CCG Individual Cards (183454)","306489398101",Shining Fates #052/072 Eevee,"US","USD","1.49",,"1",,,338-jlspw
Revise,"CCG Individual Cards (183454)","306489398104",SV04: Paradox Rift #153/182 Tandemaus Reverse Holo,"US","USD","2.49",,"1",,,339-jlspx
Revise,"CCG Individual Cards (183454)","306489398122",SV04: Paradox Rift #102/182 Nacli Reverse Holo,"US","USD","1.49",,"1",,,340-jlspy
Revise,"CCG Individual Cards (183454)","306489398152",Champion's Path #26/73 Machamp Holo,"US","USD","1.49",,"1",,,342-jlsq0
Revise,"CCG Individual Cards (183454)","306489398176",SV04: Paradox Rift #049/182 Golisopod Holo,"US","USD","1.49",,"1",,,344-jlsq2
Revise,"CCG Individual Cards (183454)","306489398179",SV04: Paradox Rift #025/182 Charcadet Reverse Holo,"US","USD","1.49",,"1",,,345-jlsq3
Revise,"CCG Individual Cards (183454)","306489398198",Dragon Frontiers #39/101 Smeargle (Delta Species),"US","USD","2.99",,"1",,,347-jlsq5
Revise,"CCG Individual Cards (183454)","306489398262",Dragon Frontiers #48/101 Elekid (Delta Species),"US","USD","2.49",,"1",,,350-jlsq8
Revise,"CCG Individual Cards (183454)","306489398332",SWSH02: Rebel Clash #058/192 Electabuzz Reverse Holo,"US","USD","3.99",,"1",,,355-jlsqd
Revise,"CCG Individual Cards (183454)","306489398407",SV02: Paldea Evolved #096/193 Palossand Reverse Holo,"US","USD","1.49",,"1",,,359-jlsqh
Revise,"CCG Individual Cards (183454)","306489398432",SV02: Paldea Evolved #108/193 Paldean Tauros Reverse Holo,"US","USD","1.49",,"1",,,360-jlsqi
Revise,"CCG Individual Cards (183454)","306489398469",SV04: Paradox Rift #085/182 Tinkaton Reverse Holo,"US","USD","1.49",,"1",,,363-jlsql
Revise,"CCG Individual Cards (183454)","306489398471",SV08: Surging Sparks #116/191 Koraidon,"US","USD","1.49",,"1",,,362-jlsqk
Revise,"CCG Individual Cards (183454)","306489398488",SWSH01: Sword & Shield Base Set #112/202 Clobbopus (112) Reverse Holo,"US","USD","1.49",,"1",,,364-jlsqm
Revise,"CCG Individual Cards (183454)","306491140664",SV06: Twilight Masquerade #053/167 Froslass Holo,"US","USD","1.79",,"1",,,365-jmyy7
Revise,"CCG Individual Cards (183454)","306491140683",SWSH07: Evolving Skies #142/203 Boost Shake Reverse Holo,"US","USD","1.99",,"1",,,367-jmyy9
Revise,"CCG Individual Cards (183454)","306491140706",SV03: Obsidian Flames #011/197 Phantump Reverse Holo,"US","USD","1.49",,"1",,,369-jmyyb
Revise,"CCG Individual Cards (183454)","306491140736",SV03: Obsidian Flames #085/197 Togekiss Holo,"US","USD","1.99",,"1",,,370-jmyyc
Revise,"CCG Individual Cards (183454)","306491140759",SV01: Scarlet & Violet Base Set #173/198 Energy Switch Reverse Holo,"US","USD","1.79",,"1",,,371-jmyyd
Revise,"CCG Individual Cards (183454)","306491140780",Dragon Frontiers #53/101 Ledyba (Delta Species),"US","USD","1.99",,"1",,,372-jmyye
Revise,"CCG Individual Cards (183454)","306491140882",SV04: Paradox Rift #017/182 Toedscruel Reverse Holo,"US","USD","1.49",,"1",,,376-jmyyi
Revise,"CCG Individual Cards (183454)","306491140905",SV04: Paradox Rift #097/182 Mienshao Reverse Holo,"US","USD","1.49",,"1",,,377-jmyyj
Revise,"CCG Individual Cards (183454)","306491140951",SV07: Stellar Crown #043/142 Chewtle Reverse Holo,"US","USD","1.49",,"1",,,378-jmyyk
Revise,"CCG Individual Cards (183454)","306491140969",SV08: Surging Sparks #161/191 Terapagos Holo,"US","USD","1.99",,"1",,,379-jmyyl
Revise,"CCG Individual Cards (183454)","306491140993",SWSH11: Lost Origin #037/196 Kingdra Holo,"US","USD","1.49",,"1",,,380-jmyym
Revise,"CCG Individual Cards (183454)","306491141052",Celebrations #003/025 Kyogre Holo,"US","USD","2.99",,"1",,,384-jmyyq
Revise,"CCG Individual Cards (183454)","306491141082",SV08: Surging Sparks #038/191 Gouging Fire Holo,"US","USD","1.49",,"1",,,386-jmyys
Revise,"CCG Individual Cards (183454)","306491141141",SWSH10: Astral Radiance #119/189 Eevee Reverse Holo,"US","USD","2.49",,"1",,,390-jmyyz
Revise,"CCG Individual Cards (183454)","306492771701",Celebrations #020/025 Dialga,"US","USD","1.49",,"1",,,391-jomkh
Revise,"CCG Individual Cards (183454)","306492771774",SV04: Paradox Rift #107/182 Slither Wing Holo,"US","USD","1.49",,"1",,,395-jomkn
Revise,"CCG Individual Cards (183454)","306492771778",SV04: Paradox Rift #001/182 Surskit Reverse Holo,"US","USD","1.49",,"1",,,396-jomko
Revise,"CCG Individual Cards (183454)","306492771794",SV04: Paradox Rift #109/182 Ting-Lu Holo,"US","USD","1.49",,"1",,,398-jomkr
Revise,"CCG Individual Cards (183454)","306492771801",SWSH07: Evolving Skies #132/203 Swablu Reverse Holo,"US","USD","1.49",,"1",,,399-jomks
Revise,"CCG Individual Cards (183454)","306492771814",SWSH08: Fusion Strike #075/264 Clawitzer Reverse Holo,"US","USD","1.49",,"1",,,400-jomku
Revise,"CCG Individual Cards (183454)","306492771827",SWSH09: Brilliant Stars #149/172 Team Yell's Cheer Reverse Holo,"US","USD","1.49",,"1",,,401-jomkv
Revise,"CCG Individual Cards (183454)","306492771866",Diamond and Pearl #85/130 Hoothoot,"US","USD","1.49",,"1",,,406-joml2
Revise,"CCG Individual Cards (183454)","306492771899",Diamond and Pearl #74/130 Chatot,"US","USD","1.49",,"1",,,408-joml5
Revise,"CCG Individual Cards (183454)","306492771906",Noble Victories #12/101 Accelgor,"US","USD","1.49",,"1",,,409-joml6
Revise,"CCG Individual Cards (183454)","306492771945",Diamond and Pearl #83/130 Glameow,"US","USD","1.49",,"1",,,411-jomla
Revise,"CCG Individual Cards (183454)","306492771964",Mysterious Treasures #80/123 Doduo,"US","USD","1.49",,"1",,,412-jomlb
Revise,"CCG Individual Cards (183454)","306492771966",Delta Species #80/113 Porygon,"US","USD","1.99",,"1",,,413-jomld
Revise,"CCG Individual Cards (183454)","306492771978",Mysterious Treasures #80/123 Doduo,"US","USD","1.49",,"1",,,415-jomlg
Revise,"CCG Individual Cards (183454)","306492771996",Diamond and Pearl #85/130 Hoothoot,"US","USD","1.49",,"1",,,416-jomli
Revise,"CCG Individual Cards (183454)","306496814331",Delta Species #75/113 Makuhita,"US","USD","2.49",,"1",,,422-jre2v
Revise,"CCG Individual Cards (183454)","306496814645",Celebrations #020/025 Dialga Holo,"US","USD","1.99",,"1",,,429-jre32
Revise,"CCG Individual Cards (183454)","306496814695",Celebrations #019/025 Yveltal Holo,"US","USD","1.49",,"1",,,430-jre33
Revise,"CCG Individual Cards (183454)","306496814903",Celebrations #023/025 Professor's Research Holo,"US","USD","1.99",,"1",,,431-jre34
Revise,"CCG Individual Cards (183454)","306496814906",Celebrations #003/025 Kyogre Holo,"US","USD","1.49",,"1",,,432-jre35
Revise,"CCG Individual Cards (183454)","306496814956",Celebrations #019/025 Yveltal Holo,"US","USD","1.49",,"1",,,433-jre36
Revise,"CCG Individual Cards (183454)","306496814960",Celebrations #004/025 Palkia Holo,"US","USD","1.49",,"1",,,434-jre38
Revise,"CCG Individual Cards (183454)","306496815048",Celebrations #021/025 Solgaleo Holo,"US","USD","1.99",,"1",,,435-jre39
Revise,"CCG Individual Cards (183454)","306496815061",Celebrations #020/025 Dialga Holo,"US","USD","1.49",,"1",,,436-jre3a
Revise,"CCG Individual Cards (183454)","306496815111",SWSH05: Battle Styles #121/163 Bruno Reverse Holo,"US","USD","1.99",,"1",,,437-jre3b
Revise,"CCG Individual Cards (183454)","306496815165",SV: Paldean Fates #087/091 Professor's Research Holo,"US","USD","1.49",,"1",,,439-jre3d
Revise,"CCG Individual Cards (183454)","306496815212",SV04: Paradox Rift #156/182 Bombirdier ex,"US","USD","1.49",,"1",,,440-jre3f
Revise,"CCG Individual Cards (183454)","306496815263",SV03: Obsidian Flames #141/197 Scizor Holo,"US","USD","1.99",,"1",,,442-jre3h
Revise,"CCG Individual Cards (183454)","306496815282",SV04: Paradox Rift #075/182 Yamask Reverse Holo,"US","USD","1.49",,"1",,,443-jre3i
Revise,"CCG Individual Cards (183454)","306500364554",SV02: Paldea Evolved #192/193 Reversal Energy Reverse Holo,"US","USD","1.49",,"1",,,444-jup76
Revise,"CCG Individual Cards (183454)","306500364585",SWSH03: Darkness Ablaze #048/189 Cubchoo Reverse Holo,"US","USD","1.99",,"1",,,447-jup7a
Revise,"CCG Individual Cards (183454)","306500364606",SWSH02: Rebel Clash #060/192 Shinx Reverse Holo,"US","USD","1.49",,"1",,,448-jup7b
Revise,"CCG Individual Cards (183454)","306500364613",SWSH11: Lost Origin #068/196 Jynx Reverse Holo,"US","USD","1.49",,"1",,,449-jup7c
Revise,"CCG Individual Cards (183454)","306500364641",SWSH08: Fusion Strike #175/264 Yveltal Reverse Holo,"US","USD","1.49",,"1",,,450-jup7e
Revise,"CCG Individual Cards (183454)","306500364670",SWSH11: Lost Origin #003/196 Vileplume Holo,"US","USD","1.79",,"1",,,453-jup7h
Revise,"CCG Individual Cards (183454)","306500364673",SWSH10: Astral Radiance #048/189 Hisuian Avalugg Reverse Holo,"US","USD","1.49",,"1",,,452-jup7g
Revise,"CCG Individual Cards (183454)","306500364699",SWSH11: Lost Origin #158/196 Iscan Reverse Holo,"US","USD","1.49",,"1",,,455-jup7k
Revise,"CCG Individual Cards (183454)","306500364701",Crown Zenith #036/159 Kyogre Reverse Holo,"US","USD","1.99",,"1",,,454-jup7i
Revise,"CCG Individual Cards (183454)","306500364720",SWSH05: Battle Styles #122/163 Camping Gear Reverse Holo,"US","USD","1.49",,"1",,,456-jup7l
Revise,"CCG Individual Cards (183454)","306500364745",SV06: Twilight Masquerade #030/167 Torkoal Reverse Holo,"US","USD","1.49",,"1",,,459-jup7o
Revise,"CCG Individual Cards (183454)","306500364747",SV06: Twilight Masquerade #115/167 Venipede Reverse Holo,"US","USD","1.49",,"1",,,458-jup7n
Revise,"CCG Individual Cards (183454)","306500364763",SV04: Paradox Rift #081/182 Espathra Holo,"US","USD","1.49",,"1",,,460-jup7p
Revise,"CCG Individual Cards (183454)","306500364765",SV04: Paradox Rift #165/182 Larry Reverse Holo,"US","USD","1.49",,"1",,,461-jup7r
Revise,"CCG Individual Cards (183454)","306500364772",SV04: Paradox Rift #036/182 Milotic Holo,"US","USD","1.49",,"1",,,462-jup7s
Revise,"CCG Individual Cards (183454)","306500364791",SV04: Paradox Rift #121/182 Morpeko Holo,"US","USD","1.49",,"1",,,463-jup7t
Revise,"CCG Individual Cards (183454)","306500364801",SV05: Temporal Forces #110/162 Forretress Reverse Holo,"US","USD","1.49",,"1",,,464-jup7u
Revise,"CCG Individual Cards (183454)","306500364822",SV05: Temporal Forces #106/162 Mightyena Reverse Holo,"US","USD","1.49",,"1",,,466-jup7x
Revise,"CCG Individual Cards (183454)","306500364841",SV05: Temporal Forces #129/162 Dudunsparce Holo,"US","USD","1.49",,"1",,,467-jup7y
Revise,"CCG Individual Cards (183454)","306500364857",SWSH10: Astral Radiance #142/189 Gapejaw Bog Reverse Holo,"US","USD","1.49",,"1",,,468-jup7z
Revise,"CCG Individual Cards (183454)","306503573015",SM - Unified Minds #127/236 Alolan Grimer,"US","USD","1.49",,"1",,,470-jxehz
Revise,"CCG Individual Cards (183454)","306503573020",SM - Unbroken Bonds #113/214 Sandile (113),"US","USD","1.49",,"1",,,469-jxehy
Revise,"CCG Individual Cards (183454)","306503573091",SM - Unified Minds #135/236 Purrloin,"US","USD","1.49",,"1",,,471-jxei0
Revise,"CCG Individual Cards (183454)","306503573101",SM - Cosmic Eclipse #71/236 Chinchou,"US","USD","1.49",,"1",,,472-jxei1
Revise,"CCG Individual Cards (183454)","306503573127",SM - Cosmic Eclipse #160/236 Jangmo-o,"US","USD","1.49",,"1",,,473-jxei2
Revise,"CCG Individual Cards (183454)","306503573143",SM - Unified Minds #103/236 Onix,"US","USD","1.49",,"1",,,474-jxei4
Revise,"CCG Individual Cards (183454)","306503573203",SM - Unified Minds #120/236 Archen,"US","USD","1.49",,"1",,,475-jxei5
Revise,"CCG Individual Cards (183454)","306503573226",SM - Unified Minds #59/236 Magneton,"US","USD","1.49",,"1",,,476-jxei6
Revise,"CCG Individual Cards (183454)","306503573248",XY - Fates Collide #46/124 Riolu (46),"US","USD","1.49",,"1",,,477-jxei7
Revise,"CCG Individual Cards (183454)","306503573300",SM - Unified Minds #58/236 Magnemite,"US","USD","1.49",,"1",,,479-jxei9
Revise,"CCG Individual Cards (183454)","306503573332",SM - Cosmic Eclipse #130/236 Alolan Grimer,"US","USD","1.99",,"1",,,480-jxeia
Revise,"CCG Individual Cards (183454)","306503573414",SM - Ultra Prism #6/156 Turtwig (6),"US","USD","1.99",,"1",,,483-jxeid
Revise,"CCG Individual Cards (183454)","306503573502",XY - Fates Collide #8/124 Deerling,"US","USD","1.99",,"1",,,485-jxeif
Revise,"CCG Individual Cards (183454)","306503573516",SM - Lost Thunder #13/214 Skiploom,"US","USD","1.49",,"1",,,486-jxeig
Revise,"CCG Individual Cards (183454)","306503573549",SM - Unified Minds #6/236 Sewaddle (6),"US","USD","1.49",,"1",,,487-jxeih
Revise,"CCG Individual Cards (183454)","306503573588",SM - Ultra Prism #12/156 Carnivine,"US","USD","1.49",,"1",,,489-jxeij
Revise,"CCG Individual Cards (183454)","306503573650",XY - Fates Collide #68/124 Snubbull,"US","USD","1.49",,"1",,,492-jxeim
Revise,"CCG Individual Cards (183454)","306503573693",XY - Fates Collide #70/124 Cottonee Reverse Holo,"US","USD","1.99",,"1",,,493-jxein
Revise,"CCG Individual Cards (183454)","306503573696",SM - Lost Thunder #147/214 Morelull,"US","USD","1.49",,"1",,,494-jxeio
Revise,"CCG Individual Cards (183454)","306513518665",XY - Fates Collide #107/124 Pokemon Fan Club,"US","USD","1.49",,"1",,,496-k4xck
Revise,"CCG Individual Cards (183454)","306513518862",XY - Fates Collide #97/124 Energy Pouch,"US","USD","1.49",,"1",,,497-k4xcl
Revise,"CCG Individual Cards (183454)","306513518876",Dragon Majesty #59/70 Dragon Talon,"US","USD","1.49",,"1",,,498-k4xcm
Revise,"CCG Individual Cards (183454)","306513519087",Hidden Fates #59/68 Koga's Trap,"US","USD","1.49",,"1",,,499-k4xcn
Revise,"CCG Individual Cards (183454)","306513519176",XY - Fates Collide #87/124 Minccino (87),"US","USD","1.49",,"1",,,500-k4xco
Revise,"CCG Individual Cards (183454)","306513519257",XY - Fates Collide #93/124 Bent Spoon,"US","USD","1.49",,"1",,,501-k4xcp
Revise,"CCG Individual Cards (183454)","306513519334",XY - Roaring Skies #67/108 Meowth,"US","USD","1.99",,"1",,,502-k4xcq
Revise,"CCG Individual Cards (183454)","306513519584",XY - Fates Collide #60/124 Bronzor,"US","USD","1.49",,"1",,,504-k4xcs
Revise,"CCG Individual Cards (183454)","306513519660",XY - Roaring Skies #65/108 Spearow,"US","USD","1.49",,"1",,,505-k4xct
Revise,"CCG Individual Cards (183454)","306513519778",Dragon Majesty #11/70 Reshiram GX,"US","USD","9.99",,"1",,,506-k4xcu
Revise,"CCG Individual Cards (183454)","306513519864",Dragon Majesty #16/70 Horsea (16),"US","USD","1.49",,"1",,,507-k4xcv
Revise,"CCG Individual Cards (183454)","306513520314",XY - Fates Collide #17/124 Omanyte,"US","USD","1.49",,"1",,,512-k4xd1
Revise,"CCG Individual Cards (183454)","306513520359",Hidden Fates #15/68 Magikarp,"US","USD","1.49",,"1",,,513-k4xd2
Revise,"CCG Individual Cards (183454)","306513520462",Hidden Fates #13/68 Staryu,"US","USD","1.49",,"1",,,514-k4xd4
Revise,"CCG Individual Cards (183454)","306513520625",SM - Crimson Invasion #22/111 Remoraid Reverse Holo,"US","USD","1.99",,"1",,,516-k4xd6
Revise,"CCG Individual Cards (183454)","306513520739",XY - BREAKpoint #30/122 Suicune Holo,"US","USD","4.99",,"1",,,517-k4xd7
Revise,"CCG Individual Cards (183454)","306513520909",XY - Fates Collide #16/124 Dewgong,"US","USD","1.99",,"1",,,519-k4xd9
Revise,"CCG Individual Cards (183454)","306519048384",SM - Cosmic Eclipse #80/236 Ralts,"US","USD","1.79",,"1",,,520-k9lkz
Revise,"CCG Individual Cards (183454)","306519048390",McDonald's 25th Anniversary Promos #016/025 Scorbunny Holo,"US","USD","2.99",,"1",,,521-k9ll4
Revise,"CCG Individual Cards (183454)","306519048449",SM - Unbroken Bonds #71/214 Drowzee,"US","USD","1.49",,"1",,,522-k9ll8
Revise,"CCG Individual Cards (183454)","306519048463",SM - Lost Thunder #9/214 Spinarak,"US","USD","1.49",,"1",,,523-k9lld
Revise,"CCG Individual Cards (183454)","306519048567",XY - Fates Collide #12/124 Braixen Reverse Holo,"US","USD","1.99",,"1",,,525-k9lll
Revise,"CCG Individual Cards (183454)","306519048823",SM - Team Up #60/181 Tentacool,"US","USD","1.49",,"1",,,528-k9lly
Revise,"CCG Individual Cards (183454)","306519048861",XY - Roaring Skies #29/108 Xatu Reverse Holo,"US","USD","1.99",,"1",,,529-k9lm0
Revise,"CCG Individual Cards (183454)","306519049023",SV10: Destined Rivals #215/182 Cynthia's Garchomp ex,"US","USD","9.99",,"1",,,539-k9ln3
Revise,"CCG Individual Cards (183454)","306519049038",SV09: Journey Together #181/159 Ruffian,"US","USD","2.99",,"1",,,540-k9ln7
Revise,"CCG Individual Cards (183454)","306519049083",SV10: Destined Rivals #136/182 Marnie's Grimmsnarl ex,"US","USD","3.49",,"1",,,541-k9lnb
Revise,"CCG Individual Cards (183454)","306519049165",SV09: Journey Together #114/159 Salamence ex,"US","USD","2.49",,"1",,,542-k9lnf
Revise,"CCG Individual Cards (183454)","306519054185",XY - Fates Collide #38/124 Kabuto,"US","USD","1.79",,"1",,,526-k9llp
Revise,"CCG Individual Cards (183454)","306519054229",XY - Fates Collide #10/124 Fennekin,"US","USD","1.99",,"1",,,527-k9llt
Revise,"CCG Individual Cards (183454)","306519054315",SM - Crimson Invasion #32/111 Alolan Geodude Reverse Holo,"US","USD","1.79",,"1",,,530-k9lm3
Revise,"CCG Individual Cards (183454)","306519054389",SM - Unbroken Bonds #40/214 Tentacool,"US","USD","1.49",,"1",,,532-k9lmb
Revise,"CCG Individual Cards (183454)","306519054432",SM - Unbroken Bonds #13/214 Bellsprout,"US","USD","1.49",,"1",,,534-k9lmi
Revise,"CCG Individual Cards (183454)","306523637011",XY - Fates Collide #33/124 Solosis,"US","USD","1.49",,"1",,,546-kd8pe
Revise,"CCG Individual Cards (183454)","306523637039",SM - Unified Minds #43/236 Basculin,"US","USD","1.49",,"1",,,547-kd8pf
Revise,"CCG Individual Cards (183454)","306523637042",SM - Unified Minds #39/236 Finneon,"US","USD","1.49",,"1",,,548-kd8pg
Revise,"CCG Individual Cards (183454)","306523637068",SM - Unified Minds #73/236 Exeggcute,"US","USD","1.49",,"1",,,549-kd8ph
Revise,"CCG Individual Cards (183454)","306523637072",SM - Unified Minds #93/236 Honedge (93),"US","USD","1.49",,"1",,,550-kd8pj
Revise,"CCG Individual Cards (183454)","306523637104",SM - Unbroken Bonds #69/214 Haunter,"US","USD","1.99",,"1",,,551-kd8pn
Revise,"CCG Individual Cards (183454)","306523637108",Dragon Majesty #8/70 Darumaka,"US","USD","1.99",,"1",,,552-kd8po
Revise,"CCG Individual Cards (183454)","306523637142",XY - Fates Collide #50/124 Carbink (50),"US","USD","1.79",,"1",,,553-kd8pp
Revise,"CCG Individual Cards (183454)","306523637154",XY - Fates Collide #50/124 Carbink (50),"US","USD","1.79",,"1",,,554-kd8pr
Revise,"CCG Individual Cards (183454)","306523637170",SM - Unified Minds #31/236 Fletchinder,"US","USD","1.49",,"1",,,555-kd8ps
Revise,"CCG Individual Cards (183454)","306523637241",Dragon Majesty #50/70 Turtonator,"US","USD","1.99",,"1",,,559-kd8pw
Revise,"CCG Individual Cards (183454)","306523637316",SM - Unified Minds #58/236 Magnemite,"US","USD","1.49",,"1",,,563-kd8q0
Revise,"CCG Individual Cards (183454)","306523637317",SM - Cosmic Eclipse #64/236 Dewpider,"US","USD","1.49",,"1",,,562-kd8pz
Revise,"CCG Individual Cards (183454)","306523637363",SM - Unbroken Bonds #108/214 Murkrow,"US","USD","1.49",,"1",,,565-kd8q2
Revise,"CCG Individual Cards (183454)","306523637365",SM - Unbroken Bonds #115/214 Krokorok,"US","USD","1.49",,"1",,,564-kd8q1
Revise,"CCG Individual Cards (183454)","306523637406",SM - Cosmic Eclipse #89/236 Golett,"US","USD","1.49",,"1",,,566-kd8q3
Revise,"CCG Individual Cards (183454)","306523637412",Hidden Fates #28/68 Koffing,"US","USD","1.49",,"1",,,567-kd8q4
Revise,"CCG Individual Cards (183454)","306523637440",SM - Unbroken Bonds #62/214 Ekans,"US","USD","1.79",,"1",,,568-kd8q5
Revise,"CCG Individual Cards (183454)","306523637447",SM - Cosmic Eclipse #76/236 Koffing,"US","USD","1.49",,"1",,,569-kd8q7
Revise,"CCG Individual Cards (183454)","306527072657",SV06: Twilight Masquerade #015/167 Thwackey Reverse Holo,"US","USD","2.99",,"1",,,593-kfobm
Revise,"CCG Individual Cards (183454)","306534852413",SV: Scarlet & Violet Promo Cards #212 Reuniclus,"US","USD","3.75",,"1",,,84-j4q38
Revise,"CCG Individual Cards (183454)","306536895227",SM - Unified Minds #45/236 Carracosta,"US","USD","1.49",,"1",,,595-knz1k
Revise,"CCG Individual Cards (183454)","306536895307",SM - Unbroken Bonds #33/214 Squirtle,"US","USD","1.99",,"1",,,596-knz1l
Revise,"CCG Individual Cards (183454)","306536895402",SM - Unbroken Bonds #54/214 Pikachu,"US","USD","3.49",,"1",,,598-knz1n
Revise,"CCG Individual Cards (183454)","306536895565",SM - Unified Minds #116/236 Riolu (116),"US","USD","1.79",,"1",,,601-knz1q
Revise,"CCG Individual Cards (183454)","306536895633",SM - Unified Minds #148/236 Dratini (148),"US","USD","1.99",,"1",,,603-knz1s
Revise,"CCG Individual Cards (183454)","306536895648",Hidden Fates #7/68 Charmander,"US","USD","1.49",,"1",,,604-knz1t
Revise,"CCG Individual Cards (183454)","306536895706",SM - Crimson Invasion #60/111 Deino Reverse Holo,"US","USD","1.49",,"1",,,605-knz1u
Revise,"CCG Individual Cards (183454)","306536895749",XY - Roaring Skies #43/108 Togepi,"US","USD","1.99",,"1",,,607-knz1w
Revise,"CCG Individual Cards (183454)","306536895767",SM - Unbroken Bonds #162/214 Chatot,"US","USD","1.49",,"1",,,608-knz1x
Revise,"CCG Individual Cards (183454)","306536895833",SM - Guardians Rising #109/145 Fletchling Reverse Holo,"US","USD","3.49",,"1",,,610-knz1z
Revise,"CCG Individual Cards (183454)","306536895890",SM - Unified Minds #178/236 Tornadus,"US","USD","1.49",,"1",,,612-knz21
Revise,"CCG Individual Cards (183454)","306536896013",XY - Fates Collide #8/124 Deerling,"US","USD","1.79",,"1",,,616-knz25
Revise,"CCG Individual Cards (183454)","306536896045",SM - Ultra Prism #33/156 Prinplup,"US","USD","1.49",,"1",,,617-knz26
Revise,"CCG Individual Cards (183454)","306536896229",Dragon Majesty #16/70 Horsea (16),"US","USD","1.99",,"1",,,618-knz27
Revise,"CCG Individual Cards (183454)","306536896245",SM - Unified Minds #41/236 Snover,"US","USD","1.49",,"1",,,619-knz28
Revise,"CCG Individual Cards (183454)","306536896301",XY - Fates Collide #23/124 Barbaracle,"US","USD","1.49",,"1",,,620-knz29
Revise,"CCG Individual Cards (183454)","306536928064",SM - Lost Thunder #21/214 Grovyle,"US","USD","1.99",,"1",,,572-kfo93
Revise,"CCG Individual Cards (183454)","306536928378",Hidden Fates #4/68 Paras,"US","USD","1.49",,"1",,,573-kfo98
Revise,"CCG Individual Cards (183454)","306536928647",XY - Roaring Skies #2/108 Exeggutor,"US","USD","1.79",,"1",,,574-kfo9a
Revise,"CCG Individual Cards (183454)","306536928857",Hidden Fates #11/68 Psyduck,"US","USD","1.49",,"1",,,575-kfo9c
Revise,"CCG Individual Cards (183454)","306536929737",McDonald's 25th Anniversary Promos #007/025 Rowlet,"US","USD","1.49",,"1",,,578-kfoa1
Revise,"CCG Individual Cards (183454)","306536931101",McDonald's 25th Anniversary Promos #011/025 Torchic,"US","USD","1.49",,"1",,,580-kfoa6
Revise,"CCG Individual Cards (183454)","306536932963",SWSH05: Battle Styles #057/163 Baltoy CRIMPED,"US","USD","2.99",,"1",,,588-kfob2
Revise,"CCG Individual Cards (183454)","306536933056",SV08: Surging Sparks #028/191 Centiskorch Reverse Holo,"US","USD","1.49",,"1",,,590-kfobe
Revise,"CCG Individual Cards (183454)","306536933196",SV08: Surging Sparks #065/191 Tapu Koko Holo,"US","USD","1.79",,"1",,,592-kfobj
Revise,"CCG Individual Cards (183454)","306536974142",XY - Roaring Skies #51/108 Dragonite (51),"US","USD","4.99",,"1",,,599-knz1o
Revise,"CCG Individual Cards (183454)","306614404266",SM - Lost Thunder #83/214 Stunfisk,"US","USD","1.49",,"1",,,621-merz8
Revise,"CCG Individual Cards (183454)","306614404370",SM Base Set #59/149 Drowzee,"US","USD","1.49",,"1",,,622-merz9
Revise,"CCG Individual Cards (183454)","306614404376",SM - Lost Thunder #107/214 Poipole,"US","USD","1.99",,"1",,,623-merza
Revise,"CCG Individual Cards (183454)","306614404650",XY - Steam Siege #39/114 Flaaffy,"US","USD","1.49",,"1",,,625-merzc
Revise,"CCG Individual Cards (183454)","306614404804",SM - Unbroken Bonds #56/214 Stunfisk Reverse Holo,"US","USD","1.99",,"1",,,627-merze
Revise,"CCG Individual Cards (183454)","306614404847",XY - Roaring Skies #13/108 Victini Reverse Holo,"US","USD","1.99",,"1",,,629-merzg
Revise,"CCG Individual Cards (183454)","306614405018",XY - Roaring Skies #9/108 Nincada,"US","USD","1.49",,"1",,,631-merzj
Revise,"CCG Individual Cards (183454)","306614405033",SM - Unbroken Bonds #16/214 Tangela,"US","USD","1.49",,"1",,,632-merzk
Revise,"CCG Individual Cards (183454)","306614405215",XY - Roaring Skies #12/108 Tropius,"US","USD","1.49",,"1",,,633-merzl
Revise,"CCG Individual Cards (183454)","306614405231",SM - Team Up #28/181 Staryu,"US","USD","1.49",,"1",,,634-merzm
Revise,"CCG Individual Cards (183454)","306614405249",SM - Unified Minds #13/236 Foongus,"US","USD","1.49",,"1",,,635-merzn
Revise,"CCG Individual Cards (183454)","306614405456",XY - Fates Collide #22/124 Binacle,"US","USD","1.49",,"1",,,636-merzo
Revise,"CCG Individual Cards (183454)","306614405556",SWSH03: Darkness Ablaze #035/189 Galarian Mr. Mime,"US","USD","1.49",,"1",,,638-merzq
Revise,"CCG Individual Cards (183454)","306614405737",SWSH03: Darkness Ablaze #090/189 Vibrava Reverse Holo,"US","USD","1.99",,"1",,,639-merzr
Revise,"CCG Individual Cards (183454)","306614405786",SWSH03: Darkness Ablaze #028/189 Galarian Darmanitan (28),"US","USD","1.99",,"1",,,640-merzs
Revise,"CCG Individual Cards (183454)","306614405811",SWSH03: Darkness Ablaze #146/189 Staravia,"US","USD","1.49",,"1",,,641-merzt
Revise,"CCG Individual Cards (183454)","306614405878",SWSH03: Darkness Ablaze #174/189 Heat R Energy,"US","USD","1.49",,"1",,,642-merzu
Revise,"CCG Individual Cards (183454)","306614405923",SWSH03: Darkness Ablaze #087/189 Pupitar,"US","USD","1.49",,"1",,,643-merzv
Revise,"CCG Individual Cards (183454)","306614405972",SWSH12: Silver Tempest #042/195 Glalie,"US","USD","1.49",,"1",,,644-merzw
Revise,"CCG Individual Cards (183454)","306614406031",SV: Scarlet & Violet Promo Cards #004 Mimikyu ex,"US","USD","2.99",,"1",,,645-merzx
Revise,"CCG Individual Cards (183454)","306614406062",SV04: Paradox Rift #006/182 Dwebble,"US","USD","1.49",,"1",,,646-merzz
Revise,"CCG Individual Cards (183454)","306614406098",SV04: Paradox Rift #148/182 Whismur,"US","USD","1.49",,"1",,,647-mes00
Revise,"CCG Individual Cards (183454)","306614406152",SV04: Paradox Rift #167/182 Mela,"US","USD","1.49",,"1",,,648-mes01
Revise,"CCG Individual Cards (183454)","306614406195",SV04: Paradox Rift #107/182 Slither Wing,"US","USD","1.49",,"1",,,649-mes02
Revise,"CCG Individual Cards (183454)","306614406224",SV04: Paradox Rift #078/182 Gourgeist,"US","USD","1.99",,"1",,,650-mes03
Revise,"CCG Individual Cards (183454)","306614406289",SV08: Surging Sparks #188/191 Technical Machine: Fluorite,"US","USD","1.49",,"1",,,651-mes04
Revise,"CCG Individual Cards (183454)","306614406326",SV08: Surging Sparks #017/191 Ninetales,"US","USD","1.49",,"1",,,652-mes05
Revise,"CCG Individual Cards (183454)","306614406548",SV08: Surging Sparks #063/191 Zebstrika,"US","USD","1.49",,"1",,,653-mes06
Revise,"CCG Individual Cards (183454)","306614406636",SV08: Surging Sparks #013/191 Rellor,"US","USD","1.49",,"1",,,654-mes07
Revise,"CCG Individual Cards (183454)","306614406690",SV08: Surging Sparks #158/191 Maushold,"US","USD","1.49",,"1",,,655-mes08
Revise,"CCG Individual Cards (183454)","306614406735",SV08: Surging Sparks #125/191 Registeel,"US","USD","1.49",,"1",,,656-mes09
Revise,"CCG Individual Cards (183454)","306614406766",SV08: Surging Sparks #046/191 Shellos,"US","USD","1.49",,"1",,,657-mes0a
Revise,"CCG Individual Cards (183454)","306614406771",SV08: Surging Sparks #146/191 Vigoroth,"US","USD","1.49",,"1",,,658-mes0b
Revise,"CCG Individual Cards (183454)","306614406835",SV: Scarlet & Violet Promo Cards #061 Pineco Holo,"US","USD","1.99",,"1",,,659-mes0c
Revise,"CCG Individual Cards (183454)","306614406867",SV04: Paradox Rift #105/182 Klawf Reverse Holo,"US","USD","1.99",,"1",,,660-mes0d
Revise,"CCG Individual Cards (183454)","306614406875",SV04: Paradox Rift #029/182 Chi-Yu Holo,"US","USD","1.49",,"1",,,661-mes0e
Revise,"CCG Individual Cards (183454)","306614407167",SV02: Paldea Evolved #162/193 Slaking Reverse Holo,"US","USD","1.99",,"1",,,663-mes0g
Revise,"CCG Individual Cards (183454)","306614407486",SV08: Surging Sparks #083/191 Cofagrigus Holo,"US","USD","1.49",,"1",,,666-mes0k
Revise,"CCG Individual Cards (183454)","306614407529",SV08: Surging Sparks #077/191 Latios,"US","USD","1.49",,"1",,,667-mes0l
Revise,"CCG Individual Cards (183454)","306614407704",SV08: Surging Sparks #039/191 Paldean Tauros,"US","USD","1.49",,"1",,,668-mes0m
Revise,"CCG Individual Cards (183454)","306614407855",SV08: Surging Sparks #166/191 Chill Teaser Toy,"US","USD","1.49",,"1",,,669-mes0n
Revise,"CCG Individual Cards (183454)","306614407858",SV08: Surging Sparks #041/191 Feebas,"US","USD","1.49",,"1",,,670-mes0o
Revise,"CCG Individual Cards (183454)","306629056895",SWSH10: Astral Radiance #008/189 Heracross,"US","USD","1.49",,"1",,,671-mqu0j
Revise,"CCG Individual Cards (183454)","306629056905",SM - Crimson Invasion #81/111 Starly,"US","USD","1.49",,"1",,,672-mqu0k
Revise,"CCG Individual Cards (183454)","306629056967",SM - Crimson Invasion #44/111 Pumpkaboo,"US","USD","1.49",,"1",,,673-mqu0l
Revise,"CCG Individual Cards (183454)","306629057004",SWSH01: Sword & Shield Base Set #151/202 Corvisquire,"US","USD","1.49",,"1",,,674-mqu0m
Revise,"CCG Individual Cards (183454)","306629057016",SWSH01: Sword & Shield Base Set #030/202 Scorbunny (030),"US","USD","1.99",,"1",,,675-mqu0n
Revise,"CCG Individual Cards (183454)","306629057113",XY - Ancient Origins #6/98 Ariados,"US","USD","1.49",,"1",,,679-mqu0v
Revise,"CCG Individual Cards (183454)","306629057177",XY - Ancient Origins #10/98 Vespiquen (10),"US","USD","1.49",,"1",,,683-mqu18
Revise,"CCG Individual Cards (183454)","306629057178",XY - Ancient Origins #29/98 Rotom,"US","USD","1.49",,"1",,,682-mqu14
Revise,"CCG Individual Cards (183454)","306629057230",XY - Ancient Origins #5/98 Spinarak,"US","USD","1.49",,"1",,,684-mqu1c
Revise,"CCG Individual Cards (183454)","306629057249",XY - Ancient Origins #38/98 Wooper,"US","USD","2.99",,"1",,,685-mqu1f
Revise,"CCG Individual Cards (183454)","306629057275",SM - Cosmic Eclipse #43/236 Sneasel,"US","USD","1.49",,"1",,,688-mqu1q
Revise,"CCG Individual Cards (183454)","306629057287",SM - Cosmic Eclipse #175/236 Herdier,"US","USD","1.49",,"1",,,689-mqu1t
Revise,"CCG Individual Cards (183454)","306629057302",SM - Cosmic Eclipse #177/236 Rufflet,"US","USD","1.49",,"1",,,691-mqu20
Revise,"CCG Individual Cards (183454)","306629057360",SM - Cosmic Eclipse #162/236 Hakamo-o,"US","USD","1.49",,"1",,,692-mqu23
Revise,"CCG Individual Cards (183454)","306629057372",SM - Cosmic Eclipse #81/236 Kirlia,"US","USD","1.49",,"1",,,694-mqu29
Revise,"CCG Individual Cards (183454)","306629057376",SM - Cosmic Eclipse #125/236 Passimian,"US","USD","1.49",,"1",,,693-mqu26
Revise,"CCG Individual Cards (183454)","306629057392",SM - Cosmic Eclipse #161/236 Jangmo-o,"US","USD","1.49",,"1",,,695-mqu2d
Revise,"CCG Individual Cards (183454)","306629057394",SM - Cosmic Eclipse #2/236 Oddish,"US","USD","1.49",,"1",,,696-mqu2h
Revise,"CCG Individual Cards (183454)","306629057407",SM - Cosmic Eclipse #207/236 Unidentified Fossil,"US","USD","1.99",,"1",,,697-mqu2l
Revise,"CCG Individual Cards (183454)","306629057424",SWSH01: Sword & Shield Base Set #093/202 Dugtrio,"US","USD","1.49",,"1",,,698-mqu2p
Revise,"CCG Individual Cards (183454)","306629057502",Dragon Frontiers #45/101 Cyndaquil (Delta Species),"US","USD","2.99",,"1",,,702-mqu35
Revise,"CCG Individual Cards (183454)","306629057552",Unseen Forces #37/115 Corsola,"US","USD","4.99",,"1",,,707-mqu3m
Revise,"CCG Individual Cards (183454)","306629057599",Hidden Legends #54/101 Beldum,"US","USD","1.49",,"1",,,701-mqu31
Revise,"CCG Individual Cards (183454)","306629057603",Legend Maker #66/92 Tentacool,"US","USD","1.99",,"1",,,710-mqu3y
Revise,"CCG Individual Cards (183454)","306629057661",FireRed & LeafGreen #66/112 Krabby,"US","USD","1.99",,"1",,,711-mqu41
Revise,"CCG Individual Cards (183454)","306629057681",Legend Maker #51/92 Clamperl,"US","USD","1.49",,"1",,,712-mqu45
Revise,"CCG Individual Cards (183454)","306629057685",Crystal Guardians #69/100 Whismur,"US","USD","1.99",,"1",,,714-mqu4c
Revise,"CCG Individual Cards (183454)","306629057695",Legend Maker #48/92 Aron,"US","USD","1.99",,"1",,,713-mqu49
Revise,"CCG Individual Cards (183454)","306629057697",Crystal Guardians #61/100 Spearow,"US","USD","1.99",,"1",,,715-mqu4g
Revise,"CCG Individual Cards (183454)","306629057715",Plasma Blast #57/101 Aron,"US","USD","1.99",,"1",,,716-mqu4j
Revise,"CCG Individual Cards (183454)","306629057737",Plasma Blast #47/101 Machop,"US","USD","1.99",,"1",,,717-mqu4n
Revise,"CCG Individual Cards (183454)","306629057748",Plasma Blast #75/101 Teddiursa,"US","USD","1.49",,"1",,,718-mqu4s
Revise,"CCG Individual Cards (183454)","306629057777",SM - Cosmic Eclipse #174/236 Lillipup,"US","USD","1.99",,"1",,,719-mqu4v
Revise,"CCG Individual Cards (183454)","306632619852",Dragon Majesty #62/70 Switch Raft,"US","USD","3.99",,"1",,,724-mu410
Revise,"CCG Individual Cards (183454)","306632619883",SM - Unified Minds #166/236 Noctowl,"US","USD","1.49",,"1",,,726-mu412
Revise,"CCG Individual Cards (183454)","306632619905",SM - Team Up #104/181 Pawniard,"US","USD","1.49",,"1",,,727-mu413
Revise,"CCG Individual Cards (183454)","306632619909",XY - Fates Collide #95/124 Devolution Spray,"US","USD","1.49",,"1",,,728-mu414
Revise,"CCG Individual Cards (183454)","306632619922",SM - Ultra Prism #114/156 Oranguru,"US","USD","1.99",,"1",,,729-mu416
Revise,"CCG Individual Cards (183454)","306632619933",XY - Fates Collide #106/124 Old Amber Aerodactyl,"US","USD","1.99",,"1",,,730-mu417
Revise,"CCG Individual Cards (183454)","306632619938",XY - Roaring Skies #68/108 Dunsparce,"US","USD","1.99",,"1",,,732-mu419
Revise,"CCG Individual Cards (183454)","306632619955",Hidden Fates #1/68 Caterpie,"US","USD","1.99",,"1",,,733-mu41a
Revise,"CCG Individual Cards (183454)","306632619960",XY - Fates Collide #5/124 Snivy,"US","USD","1.49",,"1",,,734-mu41b
Revise,"CCG Individual Cards (183454)","306632619989",Dragon Majesty #17/70 Seadra,"US","USD","1.49",,"1",,,736-mu41e
Revise,"CCG Individual Cards (183454)","306632619993",XY - Fates Collide #22/124 Binacle,"US","USD","1.49",,"1",,,737-mu41f
Revise,"CCG Individual Cards (183454)","306632619995",Hidden Fates #41/68 Jigglypuff,"US","USD","1.79",,"1",,,738-mu41g
Revise,"CCG Individual Cards (183454)","306632619999",XY - Fates Collide #111/124 Shauna,"US","USD","1.49",,"1",,,739-mu41h
Revise,"CCG Individual Cards (183454)","306632620020",XY - Fates Collide #108/124 Power Memory,"US","USD","1.49",,"1",,,741-mu41j
Revise,"CCG Individual Cards (183454)","306632620023",SM - Unbroken Bonds #123/214 Aron,"US","USD","1.79",,"1",,,742-mu41l
Revise,"CCG Individual Cards (183454)","306632620031",XY - Fates Collide #97/124 Energy Pouch,"US","USD","1.49",,"1",,,745-mu41o
Revise,"CCG Individual Cards (183454)","306632620035",XY - Fates Collide #89/124 Cinccino (89),"US","USD","1.79",,"1",,,744-mu41n
Revise,"CCG Individual Cards (183454)","306650868675",SM - Lost Thunder #5/214 Chikorita (5),"US","USD","1.99",,"1",,,771-ncskz
Revise,"CCG Individual Cards (183454)","306650868687",Hidden Fates #60/68 Lt. Surge's Strategy,"US","USD","1.49",,"1",,,772-ncsl0
Revise,"CCG Individual Cards (183454)","306650868900",SM - Unbroken Bonds #30/214 Salandit,"US","USD","1.99",,"1",,,774-ncsl2
Revise,"CCG Individual Cards (183454)","306650868906",SM - Cosmic Eclipse #18/236 Rowlet,"US","USD","1.49",,"1",,,775-ncsl3
Revise,"CCG Individual Cards (183454)","306650868942",SM - Ultra Prism #27/156 Turtonator,"US","USD","1.49",,"1",,,776-ncsl4
Revise,"CCG Individual Cards (183454)","306650868991",SM - Ultra Prism #68/156 Hippopotas,"US","USD","1.49",,"1",,,777-ncsl5
Revise,"CCG Individual Cards (183454)","306650869007",SM - Ultra Prism #70/156 Passimian,"US","USD","1.49",,"1",,,778-ncsl6
Revise,"CCG Individual Cards (183454)","306650869064",SM - Unbroken Bonds #101/214 Hitmontop,"US","USD","1.99",,"1",,,780-ncsl8
Revise,"CCG Individual Cards (183454)","306650869107",SM - Cosmic Eclipse #93/236 Phantump,"US","USD","1.49",,"1",,,779-ncsl7
Revise,"CCG Individual Cards (183454)","306650869115",SM - Cosmic Eclipse #68/236 Magnemite,"US","USD","1.49",,"1",,,781-ncsl9
Revise,"CCG Individual Cards (183454)","306650869116",SM - Cosmic Eclipse #205/236 Roxie,"US","USD","1.49",,"1",,,782-ncsla
Revise,"CCG Individual Cards (183454)","306650869168",XY - Steam Siege #16/114 Ponyta,"US","USD","1.49",,"1",,,783-ncslb
Revise,"CCG Individual Cards (183454)","306650869183",SM - Unbroken Bonds #96/214 Wooper,"US","USD","2.99",,"1",,,784-ncslc
Revise,"CCG Individual Cards (183454)","306650869234",SV08: Surging Sparks #160/191 Flamigo ex,"US","USD","3.49",,"1",,,785-ncsld
Revise,"CCG Individual Cards (183454)","306650869253",SV01: Scarlet & Violet Base Set #116/198 Krokorok Reverse Holo,"US","USD","1.99",,"1",,,788-ncslg
Revise,"CCG Individual Cards (183454)","306650869258",Trading Card Game Classic #028/034 Super Rod (CLV) Holo,"US","USD","1.99",,"1",,,787-ncslf
Revise,"CCG Individual Cards (183454)","306650869265",SV02: Paldea Evolved #140/193 Hydreigon Holo,"US","USD","1.99",,"1",,,789-ncslh
Revise,"CCG Individual Cards (183454)","306650869270",SV: Scarlet & Violet 151 #124/165 Jynx ex,"US","USD","2.79",,"1",,,790-ncsli
Revise,"CCG Individual Cards (183454)","306650869299",SV02: Paldea Evolved #017/193 Tarountula Reverse Holo,"US","USD","1.49",,"1",,,791-ncslj
Revise,"CCG Individual Cards (183454)","306650869309",SV02: Paldea Evolved #011/193 Abomasnow Reverse Holo,"US","USD","1.49",,"1",,,792-ncslk
Revise,"CCG Individual Cards (183454)","306650869319",SV: Scarlet & Violet Promo Cards #009 Spidops,"US","USD","2.99",,"1",,,794-ncslm
Revise,"CCG Individual Cards (183454)","306652558648",SM - Unbroken Bonds #94/214 Rhydon,"US","USD","1.49",,"1",,,796-neawz
Revise,"CCG Individual Cards (183454)","306652558651",SM - Lost Thunder #39/214 Cyndaquil (39),"US","USD","1.99",,"1",,,797-neax0
Revise,"CCG Individual Cards (183454)","306652558652",SM Base Set #21/149 Growlithe,"US","USD","1.49",,"1",,,798-neax1
Revise,"CCG Individual Cards (183454)","306652558662",SM - Unified Minds #37/236 Snorunt,"US","USD","1.49",,"1",,,799-neax2
Revise,"CCG Individual Cards (183454)","306652558668",SM Base Set #38/149 Pelipper,"US","USD","1.49",,"1",,,800-neax3
Revise,"CCG Individual Cards (183454)","306652558674",SM - Unified Minds #64/236 Tynamo (64),"US","USD","1.49",,"1",,,802-neax6
Revise,"CCG Individual Cards (183454)","306652558682",SM - Unified Minds #158/236 Noibat,"US","USD","1.49",,"1",,,803-neax7
Revise,"CCG Individual Cards (183454)","306652558741",SM - Unified Minds #112/236 Gible,"US","USD","1.99",,"1",,,804-neax9
Revise,"CCG Individual Cards (183454)","306652558744",SM - Unified Minds #154/236 Axew,"US","USD","1.49",,"1",,,805-neaxa
Revise,"CCG Individual Cards (183454)","306652558812",SM - Unified Minds #58/236 Magnemite,"US","USD","1.49",,"1",,,806-neaxb
Revise,"CCG Individual Cards (183454)","306652558814",SM - Ultra Prism #46/156 Shinx (46),"US","USD","1.49",,"1",,,807-neaxc
Revise,"CCG Individual Cards (183454)","306652558818",Dragon Majesty #9/70 Darmanitan,"US","USD","1.49",,"1",,,808-neaxd
Revise,"CCG Individual Cards (183454)","306652558821",XY - Fates Collide #45/124 Riolu (45),"US","USD","1.49",,"1",,,809-neaxe
Revise,"CCG Individual Cards (183454)","306652558824",SM - Ultra Prism #71/156 Murkrow,"US","USD","1.49",,"1",,,810-neaxf
Revise,"CCG Individual Cards (183454)","306652558835",SM - Unified Minds #73/236 Exeggcute,"US","USD","1.49",,"1",,,811-neaxg
Revise,"CCG Individual Cards (183454)","306652558839",SM - Unified Minds #96/236 Mareanie,"US","USD","1.49",,"1",,,812-neaxi
Revise,"CCG Individual Cards (183454)","306652558841",SM - Unified Minds #82/236 Skorupi,"US","USD","1.49",,"1",,,814-neaxl
Revise,"CCG Individual Cards (183454)","306652558845",XY - Roaring Skies #30/108 Shuppet,"US","USD","1.49",,"1",,,815-neaxm
Revise,"CCG Individual Cards (183454)","306652558847",XY - Roaring Skies #48/108 Klefki Reverse Holo,"US","USD","1.99",,"1",,,817-neaxo
Revise,"CCG Individual Cards (183454)","306652558848",XY - Fates Collide #34/124 Duosion,"US","USD","1.49",,"1",,,816-neaxn
Revise,"CCG Individual Cards (183454)","306652558851",SM - Unbroken Bonds #139/214 Cottonee,"US","USD","1.49",,"1",,,818-neaxp
Revise,"CCG Individual Cards (183454)","306652558863",XY - Fates Collide #68/124 Snubbull,"US","USD","1.49",,"1",,,820-neaxr
Revise,"CCG Individual Cards (183454)","306652558865",XY - Fates Collide #65/124 Jigglypuff,"US","USD","1.49",,"1",,,819-neaxq
Revise,"CCG Individual Cards (183454)","306663180035",SM - Unbroken Bonds #113/214 Sandile (113),"US","USD","1.49",,"1",,,846-nrawo
Revise,"CCG Individual Cards (183454)","306663180057",SM - Unbroken Bonds #73/214 Koffing,"US","USD","1.99",,"1",,,847-nrawp
Revise,"CCG Individual Cards (183454)","306663180126",SM - Unbroken Bonds #48/214 Goldeen,"US","USD","1.49",,"1",,,848-nrawr
Revise,"CCG Individual Cards (183454)","306663180162",SM Base Set #9/149 Rowlet,"US","USD","1.49",,"1",,,849-nraws
Revise,"CCG Individual Cards (183454)","306663180173",SM Base Set #14/149 Fomantis,"US","USD","1.49",,"1",,,850-nrawu
Revise,"CCG Individual Cards (183454)","306663180184",SM - Unified Minds #7/236 Sewaddle (7),"US","USD","2.49",,"1",,,851-nrawv
Revise,"CCG Individual Cards (183454)","306663180233",SM Base Set #104/149 Herdier,"US","USD","2.49",,"1",,,853-nrawy
Revise,"CCG Individual Cards (183454)","306663180238",SM - Lost Thunder #137/214 Snubbull,"US","USD","1.99",,"1",,,852-nraww
Revise,"CCG Individual Cards (183454)","306663180279",SM Base Set #106/149 Pikipek,"US","USD","1.49",,"1",,,854-nrawz
Revise,"CCG Individual Cards (183454)","306663180297",SM Base Set #97/149 Spearow,"US","USD","1.49",,"1",,,855-nrax0
Revise,"CCG Individual Cards (183454)","306663180309",SM - Unified Minds #179/236 Fletchling,"US","USD","1.49",,"1",,,856-nrax1
Revise,"CCG Individual Cards (183454)","306663180311",SM Base Set #83/149 Sandile,"US","USD","1.49",,"1",,,857-nrax3
Revise,"CCG Individual Cards (183454)","306663180368",SM - Unified Minds #93/236 Honedge (93),"US","USD","1.49",,"1",,,859-nrax5
Revise,"CCG Individual Cards (183454)","306663180370",SM Base Set #78/149 Alolan Meowth,"US","USD","1.49",,"1",,,858-nrax4
Revise,"CCG Individual Cards (183454)","306663180380",SM Base Set #57/149 Alolan Grimer,"US","USD","1.49",,"1",,,860-nrax6
Revise,"CCG Individual Cards (183454)","306663180421",SM - Guardians Rising #48/145 Slowpoke Reverse Holo,"US","USD","3.99",,"1",,,861-nrax7
Revise,"CCG Individual Cards (183454)","306663180437",SM - Lost Thunder #84/214 Dedenne (84),"US","USD","1.99",,"1",,,862-nrax9
Revise,"CCG Individual Cards (183454)","306663180450",SM - Unified Minds #67/236 Stunfisk,"US","USD","1.49",,"1",,,863-nraxa
Revise,"CCG Individual Cards (183454)","306663180470",SM - Unified Minds #109/236 Meditite,"US","USD","1.49",,"1",,,864-nraxb
Revise,"CCG Individual Cards (183454)","306663180489",SM - Unified Minds #103/236 Onix,"US","USD","1.49",,"1",,,865-nraxd
Revise,"CCG Individual Cards (183454)","306663180531",SM Base Set #72/149 Crabrawler,"US","USD","1.49",,"1",,,866-nraxe
Revise,"CCG Individual Cards (183454)","306663180541",SM - Unified Minds #31/236 Fletchinder,"US","USD","1.79",,"1",,,867-nraxg
Revise,"CCG Individual Cards (183454)","306663180556",SM Base Set #46/149 Araquanid,"US","USD","1.49",,"1",,,868-nraxi
Revise,"CCG Individual Cards (183454)","306663180641",SM - Lost Thunder #68/214 Mareanie (68),"US","USD","1.49",,"1",,,870-nraxl
Revise,"CCG Individual Cards (183454)","306707652113",SM Base Set #81/149 Carvanha,"US","USD","1.49",,"1",,,871-p5s2q
Revise,"CCG Individual Cards (183454)","306707652140",SM - Crimson Invasion #61/111 Zweilous,"US","USD","1.49",,"1",,,873-p5s2s
Revise,"CCG Individual Cards (183454)","306707652344",SM - Ultra Prism #75/156 Stunky,"US","USD","1.49",,"1",,,874-p5s2t
Revise,"CCG Individual Cards (183454)","306707652496",SWSH01: Sword & Shield Base Set #123/202 Croagunk,"US","USD","1.49",,"1",,,875-p5s2u
Revise,"CCG Individual Cards (183454)","306707652519",XY - Fates Collide #57/124 Vullaby,"US","USD","1.49",,"1",,,876-p5s2v
Revise,"CCG Individual Cards (183454)","306707652542",SWSH01: Sword & Shield Base Set #118/202 Galarian Linoone,"US","USD","1.49",,"1",,,877-p5s2w
Revise,"CCG Individual Cards (183454)","306707652679",SM - Guardians Rising #15/145 Salandit,"US","USD","1.99",,"1",,,881-p5s30
Revise,"CCG Individual Cards (183454)","306707652701",SM - Unified Minds #108/236 Breloom Reverse Holo,"US","USD","1.99",,"1",,,883-p5s32
Revise,"CCG Individual Cards (183454)","306707652762",Secret Wonders #31/132 Magmortar,"US","USD","2.49",,"1",,,887-p5s36
Revise,"CCG Individual Cards (183454)","306707652776",SM Base Set #29/149 Golduck Reverse Holo,"US","USD","1.99",,"1",,,888-p5s37
Revise,"CCG Individual Cards (183454)","306707652792",Battle Academy #038/214 Moltres,"US","USD","2.99",,"1",,,890-p5s39
Revise,"CCG Individual Cards (183454)","306707652802",XY - Steam Siege #22/114 Litleo,"US","USD","1.79",,"1",,,891-p5s3a
Revise,"CCG Individual Cards (183454)","306707652803",XY - Steam Siege #22/114 Litleo,"US","USD","1.79",,"1",,,893-p5s3c
Revise,"CCG Individual Cards (183454)","306707652835",XY - BREAKpoint #12/122 Numel,"US","USD","1.99",,"1",,,894-p5s3d
Revise,"CCG Individual Cards (183454)","306707652839",XY - Steam Siege #17/114 Rapidash,"US","USD","1.49",,"1",,,895-p5s3e
Revise,"CCG Individual Cards (183454)","306707652858",SM - Ultra Prism #25/156 Salandit,"US","USD","1.49",,"1",,,896-p5s3f
Revise,"CCG Individual Cards (183454)","306718209445",SM - Ultra Prism #35/156 Buizel,"US","USD","1.49",,"1",,,898-pjwur
Revise,"CCG Individual Cards (183454)","306718209452",SM - Ultra Prism #1/156 Exeggcute,"US","USD","1.49",,"1",,,900-pjwuu
Revise,"CCG Individual Cards (183454)","306718209460",SM - Ultra Prism #21/156 Chimchar (21),"US","USD","1.99",,"1",,,903-pjwuy
Revise,"CCG Individual Cards (183454)","306718209503",SM - Ultra Prism #18/156 Magmar,"US","USD","1.49",,"1",,,904-pjwv0
Revise,"CCG Individual Cards (183454)","306718209515",SM - Ultra Prism #55/156 Drapion,"US","USD","1.99",,"1",,,906-pjwv3
Revise,"CCG Individual Cards (183454)","306718209518",SM - Ultra Prism #114/156 Oranguru,"US","USD","1.49",,"1",,,907-pjwv4
Revise,"CCG Individual Cards (183454)","306718209520",SM - Ultra Prism #102/156 Lickitung,"US","USD","2.49",,"1",,,899-pjwut
Revise,"CCG Individual Cards (183454)","306718209521",SM - Ultra Prism #27/156 Turtonator Reverse Holo,"US","USD","1.99",,"1",,,902-pjwux
Revise,"CCG Individual Cards (183454)","306718209535",SM - Ultra Prism #133/156 Pokemon Fan Club,"US","USD","1.79",,"1",,,909-pjwv7
Revise,"CCG Individual Cards (183454)","306718209536",SM - Ultra Prism #64/156 Cranidos,"US","USD","1.49",,"1",,,908-pjwv5
Revise,"CCG Individual Cards (183454)","306718209541",SM - Ultra Prism #102/156 Lickitung,"US","USD","2.49",,"1",,,910-pjwv8
Revise,"CCG Individual Cards (183454)","306718209544",SM - Ultra Prism #60/156 Cosmog,"US","USD","1.49",,"1",,,912-pjwvb
Revise,"CCG Individual Cards (183454)","306718209545",SM - Ultra Prism #1/156 Exeggcute,"US","USD","1.49",,"1",,,911-pjwv9
Revise,"CCG Individual Cards (183454)","306718209546",SM - Ultra Prism #92/156 Morelull,"US","USD","1.49",,"1",,,913-pjwvc
Revise,"CCG Individual Cards (183454)","306718209559",SM - Ultra Prism #2/156 Yanma Reverse Holo,"US","USD","1.99",,"1",,,915-pjwvf
Revise,"CCG Individual Cards (183454)","306718209570",SM - Ultra Prism #131/156 Order Pad Reverse Holo,"US","USD","1.99",,"1",,,917-pjwvi
Revise,"CCG Individual Cards (183454)","306718209581",SM - Ultra Prism #65/156 Rampardos Holo,"US","USD","2.99",,"1",,,918-pjwvj
Revise,"CCG Individual Cards (183454)","306718209588",SM - Ultra Prism #92/156 Morelull,"US","USD","1.49",,"1",,,919-pjwvk
Revise,"CCG Individual Cards (183454)","306718209593",SM - Ultra Prism #106/156 Buneary,"US","USD","1.49",,"1",,,920-pjwvm
Revise,"CCG Individual Cards (183454)","306718209604",SM - Ultra Prism #43/156 Electabuzz,"US","USD","2.99",,"1",,,921-pjwvn
Revise,"CCG Individual Cards (183454)","306718209607",SM - Crimson Invasion #43/111 Chimecho Reverse Holo,"US","USD","1.49",,"1",,,923-pjwvq
Revise,"CCG Individual Cards (183454)","306718209611",SM - Ultra Prism #115/156 Type: Null,"US","USD","2.99",,"1",,,922-pjwvo
Revise,"CCG Individual Cards (183454)","306718209616",SM - Crimson Invasion #37/111 Haunter Reverse Holo,"US","USD","3.99",,"1",,,924-pjwvr
Revise,"CCG Individual Cards (183454)","306718209632",SM - Crimson Invasion #47/111 Salazzle Reverse Holo,"US","USD","1.99",,"1",,,925-pjwvs
Revise,"CCG Individual Cards (183454)","306718209633",SM - Crimson Invasion #39/111 Misdreavus Reverse Holo,"US","USD","2.49",,"1",,,926-pjwvt
Revise,"CCG Individual Cards (183454)","306718209649",SM - Ultra Prism #131/156 Order Pad,"US","USD","1.49",,"1",,,928-pjwvv
Revise,"CCG Individual Cards (183454)","306718209657",SM - Ultra Prism #22/156 Monferno,"US","USD","2.99",,"1",,,929-pjwvw
Revise,"CCG Individual Cards (183454)","306718209661",SM - Ultra Prism #98/156 Gabite,"US","USD","3.49",,"1",,,930-pjwvx
Revise,"CCG Individual Cards (183454)","306718209662",SM - Ultra Prism #133/156 Pokemon Fan Club,"US","USD","1.49",,"1",,,931-pjwvy
Revise,"CCG Individual Cards (183454)","306718209665",SM - Ultra Prism #61/156 Cosmoem,"US","USD","1.49",,"1",,,932-pjwvz
Revise,"CCG Individual Cards (183454)","306718209678",SM - Ultra Prism #80/156 Magnemite (80),"US","USD","1.49",,"1",,,935-pjww2
Revise,"CCG Individual Cards (183454)","306718209679",SM - Ultra Prism #18/156 Magmar,"US","USD","1.49",,"1",,,938-pjwwb
Revise,"CCG Individual Cards (183454)","306718209682",SM - Ultra Prism #34/156 Empoleon,"US","USD","2.49",,"1",,,939-pjwwe
Revise,"CCG Individual Cards (183454)","306718209686",SM - Ultra Prism #78/156 Alolan Diglett,"US","USD","1.99",,"1",,,937-pjww8
Revise,"CCG Individual Cards (183454)","306718209687",SM - Ultra Prism #73/156 Sneasel,"US","USD","2.99",,"1",,,936-pjww4
Revise,"CCG Individual Cards (183454)","306718209688",SM - Ultra Prism #52/156 Drifblim,"US","USD","1.49",,"1",,,940-pjwwi
Revise,"CCG Individual Cards (183454)","306718209693",SM - Ultra Prism #50/156 Rotom,"US","USD","1.49",,"1",,,941-pjwwl
Revise,"CCG Individual Cards (183454)","306718209701",SM - Ultra Prism #138/156 Unit Energy LPM,"US","USD","2.99",,"1",,,942-pjwwp
Revise,"CCG Individual Cards (183454)","306718209702",SM - Ultra Prism #43/156 Electabuzz,"US","USD","2.99",,"1",,,943-pjwws
Revise,"CCG Individual Cards (183454)","306718209760",SM - Ultra Prism #75/156 Stunky,"US","USD","1.49",,"1",,,945-pjwwy
Revise,"CCG Individual Cards (183454)","306718209763",SM - Ultra Prism #16/156 Dewpider,"US","USD","1.49",,"1",,,946-pjwx0
Revise,"CCG Individual Cards (183454)","306718209770",SM - Crimson Invasion #26/111 Feebas Reverse Holo,"US","USD","1.99",,"1",,,949-pjwx6
Revise,"CCG Individual Cards (183454)","306718209777",SM - Ultra Prism #96/156 Gible (96),"US","USD","1.49",,"1",,,947-pjwx3
Revise,"CCG Individual Cards (183454)","306718209786",SM - Crimson Invasion #100/111 Counter Energy Reverse Holo,"US","USD","3.99",,"1",,,950-pjwx8
Revise,"CCG Individual Cards (183454)","306718209797",SM - Crimson Invasion #33/111 Alolan Graveler Reverse Holo,"US","USD","1.99",,"1",,,952-pjwxb
Revise,"CCG Individual Cards (183454)","306718209798",SM - Crimson Invasion #64/111 Mawile Reverse Holo,"US","USD","2.99",,"1",,,953-pjwxc
Revise,"CCG Individual Cards (183454)","306718209800",SM - Crimson Invasion #83/111 Staraptor Reverse Holo,"US","USD","1.99",,"1",,,954-pjwxe
Revise,"CCG Individual Cards (183454)","306718209802",SM - Crimson Invasion #86/111 Cinccino Reverse Holo,"US","USD","1.99",,"1",,,955-pjwxf
Revise,"CCG Individual Cards (183454)","306718209804",SM - Crimson Invasion #14/111 Camerupt Reverse Holo,"US","USD","1.99",,"1",,,956-pjwxh
Revise,"CCG Individual Cards (183454)","306718209809",SM - Crimson Invasion #13/111 Numel Reverse Holo,"US","USD","1.99",,"1",,,957-pjwxi
Revise,"CCG Individual Cards (183454)","306718209811",SM - Crimson Invasion #45/111 Gourgeist Reverse Holo,"US","USD","1.99",,"1",,,959-pjwxl
Revise,"CCG Individual Cards (183454)","306718209819",SV04: Paradox Rift #144/182 Porygon-Z Holo,"US","USD","1.49",,"1",,,960-pjwxm
Revise,"CCG Individual Cards (183454)","306718209845",SV04: Paradox Rift #076/182 Cofagrigus ex,"US","USD","1.99",,"1",,,962-pjwxq
Revise,"CCG Individual Cards (183454)","306718209853",SV03: Obsidian Flames #214/197 Absol ex,"US","USD","3.99",,"1",,,963-pjwxr
Revise,"CCG Individual Cards (183454)","306718209859",SV03: Obsidian Flames #033/197 Victini ex,"US","USD","2.99",,"1",,,964-pjwxu
Revise,"CCG Individual Cards (183454)","306718209862",SWSH05: Battle Styles #063/163 Necrozma V,"US","USD","2.99",,"1",,,966-pjwxy
Revise,"CCG Individual Cards (183454)","306718209876",SWSH12: Silver Tempest #034/195 Alolan Vulpix VSTAR,"US","USD","4.99",,"1",,,970-pjwy9
Revise,"CCG Individual Cards (183454)","306718209884",SV08: Surging Sparks #162/191 Amulet of Hope,"US","USD","1.99",,"1",,,972-pjwyf
Revise,"CCG Individual Cards (183454)","306718209886",SM - Ultra Prism #113/156 Gumshoos Reverse Holo,"US","USD","1.99",,"1",,,973-pjwyi
Revise,"CCG Individual Cards (183454)","306718209890",SM - Ultra Prism #87/156 Bronzong,"US","USD","1.49",,"1",,,975-pjwyo
Revise,"CCG Individual Cards (183454)","306718209894",SM - Ultra Prism #27/156 Turtonator,"US","USD","1.49",,"1",,,976-pjwyr
Revise,"CCG Individual Cards (183454)","306718209901",SM - Ultra Prism #37/156 Snover,"US","USD","1.49",,"1",,,979-pjwyw
Revise,"CCG Individual Cards (183454)","306718209905",SM - Ultra Prism #81/156 Magnemite (81),"US","USD","1.49",,"1",,,980-pjwyy
Revise,"CCG Individual Cards (183454)","306718209910",SM - Ultra Prism #71/156 Murkrow,"US","USD","1.49",,"1",,,981-pjwz0
Revise,"CCG Individual Cards (183454)","306718209937",SM - Ultra Prism #111/156 Shaymin (111),"US","USD","1.99",,"1",,,983-pjwza
Revise,"CCG Individual Cards (183454)","306718209940",SM - Ultra Prism #73/156 Sneasel Reverse Holo,"US","USD","2.99",,"1",,,984-pjwzg
Revise,"CCG Individual Cards (183454)","306718209942",SM - Ultra Prism #12/156 Carnivine,"US","USD","1.49",,"1",,,982-pjwz5
Revise,"CCG Individual Cards (183454)","306718209952",SM - Ultra Prism #44/156 Electivire,"US","USD","1.49",,"1",,,985-pjwzm
Revise,"CCG Individual Cards (183454)","306718209954",SM - Ultra Prism #47/156 Luxio,"US","USD","1.99",,"1",,,987-pjwzx
Revise,"CCG Individual Cards (183454)","306718209959",SM - Ultra Prism #84/156 Shieldon,"US","USD","1.49",,"1",,,986-pjwzr
Revise,"CCG Individual Cards (183454)","306718209967",SM - Ultra Prism #132/156 Pal Pad,"US","USD","2.99",,"1",,,988-pjx02
Revise,"CCG Individual Cards (183454)","306718209978",SM - Ultra Prism #75/156 Stunky,"US","USD","1.49",,"1",,,990-pjx0a
Revise,"CCG Individual Cards (183454)","306718209980",SM - Ultra Prism #16/156 Dewpider,"US","USD","1.49",,"1",,,991-pjx0c
Revise,"CCG Individual Cards (183454)","306718209985",SM - Ultra Prism #96/156 Gible (96),"US","USD","1.49",,"1",,,992-pjx0g
Revise,"CCG Individual Cards (183454)","306718209986",SM - Ultra Prism #71/156 Murkrow,"US","USD","1.49",,"1",,,993-pjx0j
Revise,"CCG Individual Cards (183454)","306718209987",SM - Ultra Prism #113/156 Gumshoos,"US","USD","1.99",,"1",,,994-pjx0m
Revise,"CCG Individual Cards (183454)","306718209994",SM - Ultra Prism #11/156 Cherrim,"US","USD","2.99",,"1",,,995-pjx0q
Revise,"CCG Individual Cards (183454)","306718210005",SM - Ultra Prism #134/156 Unidentified Fossil,"US","USD","1.49",,"1",,,996-pjx0t
Revise,"CCG Individual Cards (183454)","306743925220",SM - Crimson Invasion #105/111 Guzzlord GX (Full Art),"US","USD","9.99",,"1",,,1001-qj1zr
Revise,"CCG Individual Cards (183454)","306743925500",SM - Crimson Invasion #107/111 Alolan Exeggutor GX (Full Art),"US","USD","5.99",,"1",,,1003-qj204
Revise,"CCG Individual Cards (183454)","306743925513",SM - Cosmic Eclipse #63/236 Wishiwashi GX,"US","USD","2.99",,"1",,,1005-qj20i
Revise,"CCG Individual Cards (183454)","306743925577",WoTC Promo #27/53 Pikachu (27),"US","USD","18.99",,"1",,,1006-qj20j
Revise,"CCG Individual Cards (183454)","306743925584",XY - Fates Collide #9/124 Moltres,"US","USD","2.99",,"1",,,1007-qj20l
Revise,"CCG Individual Cards (183454)","306743925622",Shining Fates #048/072 Thievul Holo,"US","USD","1.99",,"1",,,1008-qj20m
Revise,"CCG Individual Cards (183454)","306743925635",Shining Fates #056/072 Indeedee Reverse Holo,"US","USD","1.99",,"1",,,1009-qj20n
Revise,"CCG Individual Cards (183454)","306743925762",SWSH01: Sword & Shield Base Set #111/202 Clobbopus (111) Reverse Holo,"US","USD","1.99",,"1",,,1015-qj21m
Revise,"CCG Individual Cards (183454)","306743925806",SM - Unified Minds #96/236 Mareanie Reverse Holo,"US","USD","2.49",,"1",,,1014-qj21l
Revise,"CCG Individual Cards (183454)","306743925862",SWSH08: Fusion Strike #002/264 Metapod Reverse Holo,"US","USD","1.99",,"1",,,1017-qj21o
Revise,"CCG Individual Cards (183454)","306743926063",SWSH07: Evolving Skies #025/203 Golduck Reverse Holo,"US","USD","1.99",,"1",,,1016-qj21n
Revise,"CCG Individual Cards (183454)","306764978158",SWSH: Sword & Shield Promo Cards #SWSH018 Zacian V,"US","USD","3.99",,"1",,,1019-r92fl
Revise,"CCG Individual Cards (183454)","306764978160",SWSH06: Chilling Reign #011/198 Deerling,"US","USD","1.49",,"1",,,1020-r92fm
Revise,"CCG Individual Cards (183454)","306764978161",SWSH06: Chilling Reign #094/198 Koffing,"US","USD","1.49",,"1",,,1022-r92fo
Revise,"CCG Individual Cards (183454)","306764978166",SWSH06: Chilling Reign #054/198 Galarian Slowpoke,"US","USD","1.99",,"1",,,1021-r92fn
Revise,"CCG Individual Cards (183454)","306764978172",SWSH06: Chilling Reign #082/198 Galarian Yamask,"US","USD","1.49",,"1",,,1023-r92fp
Revise,"CCG Individual Cards (183454)","306764978201",SWSH06: Chilling Reign #035/198 Snorunt,"US","USD","1.49",,"1",,,1024-r92fq
Revise,"CCG Individual Cards (183454)","306764978202",SWSH06: Chilling Reign #081/198 Gallade,"US","USD","1.49",,"1",,,1025-r92fr
Revise,"CCG Individual Cards (183454)","306764978208",SWSH06: Chilling Reign #157/198 Impact Energy,"US","USD","1.49",,"1",,,1026-r92ft
Revise,"CCG Individual Cards (183454)","306764978210",SWSH06: Chilling Reign #117/198 Porygon2,"US","USD","1.49",,"1",,,1027-r92fu
Revise,"CCG Individual Cards (183454)","306764978212",SWSH06: Chilling Reign #047/198 Mareep,"US","USD","1.49",,"1",,,1029-r92fw
Revise,"CCG Individual Cards (183454)","306764978215",SWSH06: Chilling Reign #017/198 Thwackey,"US","USD","1.49",,"1",,,1028-r92fv
Revise,"CCG Individual Cards (183454)","306764978233",SWSH06: Chilling Reign #059/198 Ralts,"US","USD","1.49",,"1",,,1030-r92fx
Revise,"CCG Individual Cards (183454)","306764978253",SWSH06: Chilling Reign #009/198 Snover,"US","USD","1.49",,"1",,,1032-r92fz
Revise,"CCG Individual Cards (183454)","306764978261",SWSH06: Chilling Reign #082/198 Galarian Yamask,"US","USD","1.49",,"1",,,1033-r92g0
Revise,"CCG Individual Cards (183454)","306764978267",SWSH06: Chilling Reign #120/198 Zangoose,"US","USD","1.99",,"1",,,1034-r92g1
Revise,"CCG Individual Cards (183454)","306764978271",SWSH06: Chilling Reign #145/198 Klara,"US","USD","1.49",,"1",,,1036-r92g3
Revise,"CCG Individual Cards (183454)","306764978272",SWSH06: Chilling Reign #047/198 Mareep,"US","USD","1.49",,"1",,,1038-r92g5
Revise,"CCG Individual Cards (183454)","306764978275",SWSH06: Chilling Reign #059/198 Ralts,"US","USD","1.49",,"1",,,1039-r92g6
Revise,"CCG Individual Cards (183454)","306764978277",SWSH06: Chilling Reign #156/198 Welcoming Lantern,"US","USD","1.49",,"1",,,1035-r92g2
Revise,"CCG Individual Cards (183454)","306764978278",SWSH06: Chilling Reign #131/198 Brawly,"US","USD","1.49",,"1",,,1037-r92g4
Revise,"CCG Individual Cards (183454)","306764978288",SWSH06: Chilling Reign #044/198 Rapid Strike Urshifu Reverse Holo,"US","USD","1.99",,"1",,,1041-r92g8
Revise,"CCG Individual Cards (183454)","306764978291",SWSH06: Chilling Reign #033/198 Castform Rainy Form,"US","USD","1.49",,"1",,,1040-r92g7
Revise,"CCG Individual Cards (183454)","306800152785",SWSH08: Fusion Strike #192/264 Copperajah,"US","USD","1.49",,"1",,,1042-sl3zl
Revise,"CCG Individual Cards (183454)","306800152786",SWSH08: Fusion Strike #219/264 Rookidee,"US","USD","1.99",,"1",,,1045-sl40r
Revise,"CCG Individual Cards (183454)","306800152789",SWSH08: Fusion Strike #142/264 Makuhita,"US","USD","1.49",,"1",,,1044-sl3zs
Revise,"CCG Individual Cards (183454)","306800152790",SWSH08: Fusion Strike #171/264 Zoroark,"US","USD","1.49",,"1",,,1043-sl3zp
Revise,"CCG Individual Cards (183454)","306800152792",SWSH08: Fusion Strike #071/264 Galarian Darumaka,"US","USD","1.49",,"1",,,1046-sl40s
Revise,"CCG Individual Cards (183454)","306800152793",SWSH08: Fusion Strike #047/264 Sizzlipede (47),"US","USD","1.49",,"1",,,1047-sl41l
Revise,"CCG Individual Cards (183454)","306800152801",SWSH08: Fusion Strike #066/264 Huntail Reverse Holo,"US","USD","1.99",,"1",,,1048-sl41m
Revise,"CCG Individual Cards (183454)","306800152803",SWSH08: Fusion Strike #118/264 Galarian Cursola,"US","USD","1.49",,"1",,,1049-sl41n
Revise,"CCG Individual Cards (183454)","306800152825",SWSH08: Fusion Strike #154/264 Falinks (154),"US","USD","1.49",,"1",,,1051-sl41p
Revise,"CCG Individual Cards (183454)","306800152827",SWSH08: Fusion Strike #072/264 Galarian Darmanitan,"US","USD","1.49",,"1",,,1052-sl41q
Revise,"CCG Individual Cards (183454)","306800152831",SWSH07: Evolving Skies #039/203 Luvdisc,"US","USD","1.49",,"1",,,1053-sl41r
Revise,"CCG Individual Cards (183454)","306800152832",SWSH07: Evolving Skies #005/203 Seedot,"US","USD","1.49",,"1",,,1054-sl41s
Revise,"CCG Individual Cards (183454)","306800152835",SWSH07: Evolving Skies #129/203 Slakoth,"US","USD","1.49",,"1",,,1055-sl41u
Revise,"CCG Individual Cards (183454)","306800152842",SWSH07: Evolving Skies #071/203 Flabebe,"US","USD","1.49",,"1",,,1056-sl41w
Revise,"CCG Individual Cards (183454)","306800152845",SWSH07: Evolving Skies #035/203 Carvanha,"US","USD","1.79",,"1",,,1057-sl41y
Revise,"CCG Individual Cards (183454)","306800152853",SWSH07: Evolving Skies #096/203 Nuzleaf Reverse Holo,"US","USD","1.99",,"1",,,1058-sl420
Revise,"CCG Individual Cards (183454)","306800152857",SWSH07: Evolving Skies #001/203 Pinsir,"US","USD","1.49",,"1",,,1059-sl423
Revise,"CCG Individual Cards (183454)","306800152859",SWSH07: Evolving Skies #130/203 Vigoroth,"US","USD","1.49",,"1",,,1060-sl424
Revise,"CCG Individual Cards (183454)","306800152861",SWSH07: Evolving Skies #164/203 Zinnia's Resolve,"US","USD","1.49",,"1",,,1062-sl428
Revise,"CCG Individual Cards (183454)","306800152862",SWSH07: Evolving Skies #126/203 Teddiursa,"US","USD","1.49",,"1",,,1064-sl42e
Revise,"CCG Individual Cards (183454)","306800152863",SWSH07: Evolving Skies #146/203 Dream Ball,"US","USD","1.99",,"1",,,1061-sl425
Revise,"CCG Individual Cards (183454)","306800152865",SWSH07: Evolving Skies #032/203 Lotad,"US","USD","1.49",,"1",,,1063-sl42b
Revise,"CCG Individual Cards (183454)","306800152866",SWSH07: Evolving Skies #104/203 Nickit,"US","USD","1.49",,"1",,,1066-sl42m
Revise,"CCG Individual Cards (183454)","306800152871",SWSH07: Evolving Skies #136/203 Rufflet Reverse Holo,"US","USD","1.99",,"1",,,1068-sl42t
Revise,"CCG Individual Cards (183454)","306800152874",SWSH07: Evolving Skies #011/203 Dwebble,"US","USD","1.49",,"1",,,1067-sl42p
Revise,"CCG Individual Cards (183454)","306800152879",SWSH07: Evolving Skies #147/203 Elemental Badge,"US","USD","1.49",,"1",,,1069-sl42x
Revise,"CCG Individual Cards (183454)","306800152881",SWSH07: Evolving Skies #043/203 Cryogonal,"US","USD","1.49",,"1",,,1065-sl42i
Revise,"CCG Individual Cards (183454)","306800152889",SWSH07: Evolving Skies #069/203 Swoobat,"US","USD","1.49",,"1",,,1071-sl435
Revise,"CCG Individual Cards (183454)","306800152897",SWSH08: Fusion Strike #128/264 Dreepy,"US","USD","1.49",,"1",,,1072-sl439
Revise,"CCG Individual Cards (183454)","306800168227",SWSH08: Fusion Strike #223/264 Dubwool,"US","USD","1.49",,"1",,,1110-sl69x
Revise,"CCG Individual Cards (183454)","306800168244",SWSH08: Fusion Strike #024/264 Gossifleur,"US","USD","1.49",,"1",,,1105-sl69q
Revise,"CCG Individual Cards (183454)","306800168245",SWSH08: Fusion Strike #243/264 Spongy Gloves,"US","USD","1.49",,"1",,,1111-sl69y
Revise,"CCG Individual Cards (183454)","306800168247",SWSH06: Chilling Reign #014/198 Steenee,"US","USD","1.49",,"1",,,1100-sl69g
Revise,"CCG Individual Cards (183454)","306800168248",SWSH08: Fusion Strike #221/264 Wooloo (221),"US","USD","1.49",,"1",,,1104-sl69p
Revise,"CCG Individual Cards (183454)","306800168249",SWSH06: Chilling Reign #009/198 Snover,"US","USD","1.49",,"1",,,1096-sl693
Revise,"CCG Individual Cards (183454)","306800168250",SWSH06: Chilling Reign #060/198 Kirlia,"US","USD","1.99",,"1",,,1102-sl69i
Revise,"CCG Individual Cards (183454)","306800168251",SWSH06: Chilling Reign #133/198 Crushing Gloves,"US","USD","1.49",,"1",,,1101-sl69h
Revise,"CCG Individual Cards (183454)","306800168254",SWSH06: Chilling Reign #082/198 Galarian Yamask,"US","USD","1.49",,"1",,,1097-sl694
Revise,"CCG Individual Cards (183454)","306800168255",SWSH06: Chilling Reign #067/198 Swirlix Reverse Holo,"US","USD","1.99",,"1",,,1098-sl695
Revise,"CCG Individual Cards (183454)","306800168256",SWSH08: Fusion Strike #109/264 Morpeko (109),"US","USD","1.99",,"1",,,1113-sl6a1
Revise,"CCG Individual Cards (183454)","306800168257",SWSH08: Fusion Strike #087/264 Voltorb,"US","USD","1.49",,"1",,,1116-sl6a4
Revise,"CCG Individual Cards (183454)","306800168258",SWSH08: Fusion Strike #058/264 Marill,"US","USD","1.49",,"1",,,1103-sl69j
Revise,"CCG Individual Cards (183454)","306800168259",SWSH08: Fusion Strike #050/264 Shellder,"US","USD","1.49",,"1",,,1115-sl6a3
Revise,"CCG Individual Cards (183454)","306800168260",SWSH06: Chilling Reign #127/198 Skwovet Reverse Holo,"US","USD","1.99",,"1",,,1119-sl6aa
Revise,"CCG Individual Cards (183454)","306800168261",SWSH08: Fusion Strike #062/264 Mudkip,"US","USD","1.99",,"1",,,1106-sl69r
Revise,"CCG Individual Cards (183454)","306800168262",SWSH06: Chilling Reign #063/198 Banette,"US","USD","1.49",,"1",,,1099-sl69f
Revise,"CCG Individual Cards (183454)","306800168263",SWSH08: Fusion Strike #007/264 Pansage,"US","USD","1.49",,"1",,,1117-sl6a6
Revise,"CCG Individual Cards (183454)","306800168264",SWSH08: Fusion Strike #048/264 Centiskorch (48),"US","USD","1.49",,"1",,,1109-sl69w
Revise,"CCG Individual Cards (183454)","306800168265",SWSH08: Fusion Strike #205/264 Eevee,"US","USD","2.49",,"1",,,1114-sl6a2
Revise,"CCG Individual Cards (183454)","306800168268",SWSH08: Fusion Strike #100/264 Charjabug Reverse Holo,"US","USD","1.99",,"1",,,1108-sl69u
Revise,"CCG Individual Cards (183454)","306800168269",SWSH08: Fusion Strike #140/264 Gligar Reverse Holo,"US","USD","1.99",,"1",,,1118-sl6a7
Revise,"CCG Individual Cards (183454)","306800168272",SWSH08: Fusion Strike #131/264 Sandshrew,"US","USD","1.99",,"1",,,1107-sl69t
Revise,"CCG Individual Cards (183454)","306801855116",ME: Ascended Heroes #115/217 Pancham,"US","USD","1.49",,"1",,,1121-sn4vp
Revise,"CCG Individual Cards (183454)","306801855117",ME: Ascended Heroes #128/217 Poochyena,"US","USD","1.49",,"1",,,1120-sn4vo
Revise,"CCG Individual Cards (183454)","306801855118",ME: Ascended Heroes #180/217 Acerola's Mischief Reverse Holo,"US","USD","1.99",,"1",,,1122-sn4vr
Revise,"CCG Individual Cards (183454)","306801855121",ME: Ascended Heroes #021/217 Charmeleon (Friend Ball),"US","USD","2.99",,"1",,,1123-sn4vt
Revise,"CCG Individual Cards (183454)","306801855122",ME: Ascended Heroes #108/217 Groudon Holo,"US","USD","1.99",,"1",,,1129-sn4x5
Revise,"CCG Individual Cards (183454)","306801855123",ME: Ascended Heroes #082/217 Togekiss (Energy Symbol Pattern),"US","USD","1.99",,"1",,,1135-sn4xy
Revise,"CCG Individual Cards (183454)","306801855124",ME: Ascended Heroes #025/217 Entei (Quick Ball),"US","USD","2.99",,"1",,,1125-sn4vx
Revise,"CCG Individual Cards (183454)","306801855126",ME: Ascended Heroes #128/217 Poochyena (Energy Symbol Pattern),"US","USD","1.99",,"1",,,1124-sn4vv
Revise,"CCG Individual Cards (183454)","306801855128",ME: Ascended Heroes #159/217 Drakloak (Quick Ball),"US","USD","1.99",,"1",,,1136-sn4xz
Revise,"CCG Individual Cards (183454)","306801855129",ME: Ascended Heroes #165/217 Skitty (Love Ball),"US","USD","1.99",,"1",,,1132-sn4xv
Revise,"CCG Individual Cards (183454)","306801855130",ME: Ascended Heroes #181/217 Air Balloon,"US","USD","1.49",,"1",,,1151-sn4yf
Revise,"CCG Individual Cards (183454)","306801855131",ME: Ascended Heroes #096/217 Hop's Trevenant Holo,"US","USD","1.49",,"1",,,1134-sn4xx
Revise,"CCG Individual Cards (183454)","306801855132",ME: Ascended Heroes #072/217 Iono's Kilowattrel Holo,"US","USD","1.49",,"1",,,1126-sn4vy
Revise,"CCG Individual Cards (183454)","306801855133",ME: Ascended Heroes #029/217 Tepig,"US","USD","1.49",,"1",,,1149-sn4yd
Revise,"CCG Individual Cards (183454)","306801855134",ME: Ascended Heroes #098/217 Spectrier Holo,"US","USD","1.49",,"1",,,1145-sn4y9
Revise,"CCG Individual Cards (183454)","306801855135",ME: Ascended Heroes #105/217 Lunatone (Dusk Ball),"US","USD","1.99",,"1",,,1139-sn4y2
Revise,"CCG Individual Cards (183454)","306801855136",ME: Ascended Heroes #092/217 Rotom,"US","USD","1.99",,"1",,,1148-sn4yc
Revise,"CCG Individual Cards (183454)","306801855137",ME: Ascended Heroes #025/217 Entei Holo,"US","USD","2.99",,"1",,,1142-sn4y5
Revise,"CCG Individual Cards (183454)","306801855138",ME: Ascended Heroes #019/217 Team Rocket's Spidops (Team Rocket),"US","USD","1.99",,"1",,,1133-sn4xw
Revise,"CCG Individual Cards (183454)","306801855139",ME: Ascended Heroes #168/217 Larry's Starly (Energy Symbol Pattern),"US","USD","1.99",,"1",,,1131-sn4xs
Revise,"CCG Individual Cards (183454)","306801855140",ME: Ascended Heroes #060/217 Eelektrik,"US","USD","1.79",,"1",,,1150-sn4ye
Revise,"CCG Individual Cards (183454)","306801855141",ME: Ascended Heroes #163/217 Larry's Dunsparce (Poke Ball),"US","USD","1.99",,"1",,,1128-sn4x1
Revise,"CCG Individual Cards (183454)","306801855142",ME: Ascended Heroes #019/217 Team Rocket's Spidops Holo,"US","USD","1.99",,"1",,,1137-sn4y0
Revise,"CCG Individual Cards (183454)","306801855143",ME: Ascended Heroes #023/217 Ethan's Slugma (Energy Symbol Pattern),"US","USD","1.99",,"1",,,1138-sn4y1
Revise,"CCG Individual Cards (183454)","306801855144",ME: Ascended Heroes #092/217 Rotom (Energy Symbol Pattern),"US","USD","1.99",,"1",,,1127-sn4wr
Revise,"CCG Individual Cards (183454)","306801855145",ME: Ascended Heroes #110/217 Cynthia's Gabite (Energy Symbol Pattern),"US","USD","1.99",,"1",,,1140-sn4y3
Revise,"CCG Individual Cards (183454)","306801855146",ME: Ascended Heroes #213/217 Ultra Ball,"US","USD","1.49",,"1",,,1146-sn4ya
Revise,"CCG Individual Cards (183454)","306801855147",ME: Ascended Heroes #004/217 Erika's Bellsprout,"US","USD","1.49",,"1",,,1147-sn4yb
Revise,"CCG Individual Cards (183454)","306801855148",ME: Ascended Heroes #021/217 Charmeleon,"US","USD","1.99",,"1",,,1155-sn4yj
Revise,"CCG Individual Cards (183454)","306801855149",ME: Ascended Heroes #027/217 Numel,"US","USD","1.99",,"1",,,1152-sn4yg
Revise,"CCG Individual Cards (183454)","306801855150",ME: Ascended Heroes #029/217 Tepig (Friend Ball),"US","USD","1.99",,"1",,,1141-sn4y4
Revise,"CCG Individual Cards (183454)","306801855152",ME: Ascended Heroes #035/217 Salazzle (Quick Ball),"US","USD","4.99",,"1",,,1144-sn4y7
Revise,"CCG Individual Cards (183454)","306801855153",ME: Ascended Heroes #040/217 Golduck,"US","USD","2.99",,"1",,,1153-sn4yh
Revise,"CCG Individual Cards (183454)","306801855154",ME: Ascended Heroes #183/217 Boss's Orders [Corbeau],"US","USD","1.99",,"1",,,1154-sn4yi
Revise,"CCG Individual Cards (183454)","306801855160",ME: Ascended Heroes #159/217 Drakloak,"US","USD","1.49",,"1",,,1156-sn4yk
Revise,"CCG Individual Cards (183454)","306801855173",ME: Ascended Heroes #036/217 Scorbunny,"US","USD","1.49",,"1",,,1158-sn4ym
Revise,"CCG Individual Cards (183454)","306801855177",ME: Ascended Heroes #052/217 Snom,"US","USD","1.79",,"1",,,1159-sn4yn
Revise,"CCG Individual Cards (183454)","306801855179",ME: Ascended Heroes #211/217 Thick Scale,"US","USD","1.99",,"1",,,1160-sn4yo
Revise,"CCG Individual Cards (183454)","306801855180",ME: Ascended Heroes #173/217 Larry's Rufflet,"US","USD","1.49",,"1",,,1163-sn4yr
Revise,"CCG Individual Cards (183454)","306801855183",ME: Ascended Heroes #177/217 Hop's Cramorant,"US","USD","1.99",,"1",,,1161-sn4yp
Revise,"CCG Individual Cards (183454)","306801855184",ME: Ascended Heroes #102/217 Hitmontop,"US","USD","1.49",,"1",,,1162-sn4yq
Revise,"CCG Individual Cards (183454)","306801855186",ME: Ascended Heroes #064/217 Heliolisk,"US","USD","1.49",,"1",,,1166-sn4yu
Revise,"CCG Individual Cards (183454)","306801855187",ME: Ascended Heroes #185/217 Canari,"US","USD","1.49",,"1",,,1173-sn4z1
Revise,"CCG Individual Cards (183454)","306801855188",ME: Ascended Heroes #012/217 Silcoon,"US","USD","1.99",,"1",,,1164-sn4ys
Revise,"CCG Individual Cards (183454)","306801855189",ME: Ascended Heroes #208/217 Team Rocket's Proton,"US","USD","1.49",,"1",,,1165-sn4yt
Revise,"CCG Individual Cards (183454)","306801855191",ME: Ascended Heroes #013/217 Beautifly,"US","USD","2.99",,"1",,,1167-sn4yv
Revise,"CCG Individual Cards (183454)","306801855195",ME: Ascended Heroes #118/217 Rolycoly,"US","USD","1.49",,"1",,,1168-sn4yw
Revise,"CCG Individual Cards (183454)","306801855197",ME: Ascended Heroes #144/217 Mawile,"US","USD","1.49",,"1",,,1172-sn4z0
Revise,"CCG Individual Cards (183454)","306801855198",ME: Ascended Heroes #123/217 Gastly,"US","USD","1.49",,"1",,,1170-sn4yy
Revise,"CCG Individual Cards (183454)","306801855199",ME: Ascended Heroes #016/217 Budew,"US","USD","1.49",,"1",,,1182-sn4za
Revise,"CCG Individual Cards (183454)","306801855200",ME: Ascended Heroes #030/217 Pignite,"US","USD","1.49",,"1",,,1180-sn4z8
Revise,"CCG Individual Cards (183454)","306801855201",ME: Ascended Heroes #189/217 Glass Trumpet,"US","USD","1.99",,"1",,,1177-sn4z5
Revise,"CCG Individual Cards (183454)","306801855202",ME: Ascended Heroes #004/217 Erika's Bellsprout,"US","USD","1.49",,"1",,,1176-sn4z4
Revise,"CCG Individual Cards (183454)","306801855203",ME: Ascended Heroes #203/217 Team Rocket's Factory,"US","USD","1.49",,"1",,,1178-sn4z6
Revise,"CCG Individual Cards (183454)","306801855204",ME: Ascended Heroes #151/217 Dragonair,"US","USD","1.79",,"1",,,1174-sn4z2
Revise,"CCG Individual Cards (183454)","306801855205",ME: Ascended Heroes #161/217 Team Rocket's Meowth,"US","USD","1.49",,"1",,,1181-sn4z9
Revise,"CCG Individual Cards (183454)","306801855206",ME: Ascended Heroes #081/217 Togetic,"US","USD","1.49",,"1",,,1169-sn4yx
Revise,"CCG Individual Cards (183454)","306801855208",ME: Ascended Heroes #029/217 Tepig,"US","USD","1.49",,"1",,,1175-sn4z3
Revise,"CCG Individual Cards (183454)","306801855209",ME: Ascended Heroes #015/217 Dustox,"US","USD","1.99",,"1",,,1179-sn4z7
Revise,"CCG Individual Cards (183454)","306801855210",ME: Ascended Heroes #190/217 Iris's Fighting Spirit,"US","USD","1.49",,"1",,,1185-sn4zd
Revise,"CCG Individual Cards (183454)","306801855211",ME: Ascended Heroes #186/217 Counter Gain,"US","USD","1.49",,"1",,,1183-sn4zb
Revise,"CCG Individual Cards (183454)","306801855212",ME: Ascended Heroes #146/217 Pawniard,"US","USD","1.49",,"1",,,1184-sn4zc
Revise,"CCG Individual Cards (183454)","306801855213",ME: Ascended Heroes #106/217 Solrock,"US","USD","1.49",,"1",,,1186-sn4ze
Revise,"CCG Individual Cards (183454)","306801855217",ME: Ascended Heroes #002/217 Erika's Gloom,"US","USD","2.99",,"1",,,1187-sn4zh
Revise,"CCG Individual Cards (183454)","306801855218",ME: Ascended Heroes #123/217 Gastly,"US","USD","1.49",,"1",,,1189-sn4zx
Revise,"CCG Individual Cards (183454)","306801855220",ME: Ascended Heroes #018/217 Team Rocket's Tarountula,"US","USD","1.49",,"1",,,1188-sn4zl
Revise,"CCG Individual Cards (183454)","306801855221",ME: Ascended Heroes #140/217 Pangoro,"US","USD","1.99",,"1",,,1192-sn500
Revise,"CCG Individual Cards (183454)","306801855222",ME: Ascended Heroes #176/217 Drampa,"US","USD","1.49",,"1",,,1191-sn4zz
Revise,"CCG Individual Cards (183454)","306801855223",ME: Ascended Heroes #130/217 Galarian Zigzagoon,"US","USD","1.99",,"1",,,1193-sn501
Revise,"CCG Individual Cards (183454)","306801855224",ME: Ascended Heroes #104/217 Medicham,"US","USD","1.49",,"1",,,1194-sn502
Revise,"CCG Individual Cards (183454)","306801855229",ME: Ascended Heroes #150/217 Dratini,"US","USD","1.99",,"1",,,1195-sn503
Revise,"CCG Individual Cards (183454)","306801855261",ME: Ascended Heroes #211/217 Thick Scale,"US","USD","1.99",,"1",,,1197-sn505
Revise,"CCG Individual Cards (183454)","306801855263",ME: Ascended Heroes #028/217 Camerupt,"US","USD","1.99",,"1",,,1198-sn506
Revise,"CCG Individual Cards (183454)","306801855266",ME: Ascended Heroes #028/217 Camerupt,"US","USD","1.99",,"1",,,1199-sn507
Revise,"CCG Individual Cards (183454)","306801855268",ME: Ascended Heroes #042/217 Croconaw,"US","USD","1.49",,"1",,,1200-sn508
Revise,"CCG Individual Cards (183454)","306801855270",ME: Ascended Heroes #165/217 Skitty,"US","USD","1.69",,"1",,,1202-sn50a
Revise,"CCG Individual Cards (183454)","306801855273",ME: Ascended Heroes #042/217 Croconaw,"US","USD","1.49",,"1",,,1201-sn509
Revise,"CCG Individual Cards (183454)","306801855282",ME: Ascended Heroes #165/217 Skitty,"US","USD","1.79",,"1",,,1203-sn50b
Revise,"CCG Individual Cards (183454)","306803616227",Shining Legends #20/73 Feraligatr,"US","USD","2.49",,"1",,,1209-spc8p
Revise,"CCG Individual Cards (183454)","306803616240",Shining Legends #28/73 Pikachu,"US","USD","1.99",,"1",,,1210-spc8q
Revise,"CCG Individual Cards (183454)","306803616249",SM - Ultra Prism #10/156 Cherubi,"US","USD","2.99",,"1",,,1211-spc8r
Revise,"CCG Individual Cards (183454)","306803616262",SM - Unified Minds #10/236 Dwebble,"US","USD","1.99",,"1",,,1213-spc8t
Revise,"CCG Individual Cards (183454)","306803616264",SM - Crimson Invasion #87/111 Bunnelby Reverse Holo,"US","USD","1.99",,"1",,,1214-spc8u
Revise,"CCG Individual Cards (183454)","306803616268",XY Trainer Kit: Pikachu Libre & Suicune #14/30 Pikachu Libre (14,"US","USD","23.99",,"1",,,1215-spc8v
Revise,"CCG Individual Cards (183454)","306803616286",XY - Roaring Skies #32/108 Banette (32 Delta),"US","USD","1.99",,"1",,,1217-spc99
Revise,"CCG Individual Cards (183454)","306803616303",SM - Ultra Prism #31/156 Piplup (31),"US","USD","1.99",,"1",,,1220-spc9g
Revise,"CCG Individual Cards (183454)","306803616312",XY - Steam Siege #86/114 Hydreigon Holo,"US","USD","1.49",,"1",,,1223-spc9x
Revise,"CCG Individual Cards (183454)","306803616313",SM - Crimson Invasion #34/111 Alolan Golem GX,"US","USD","3.49",,"1",,,1224-spca0
Revise,"CCG Individual Cards (183454)","306803616338",Blister Exclusives #140/202 Snorlax,"US","USD","2.49",,"1",,,1228-spcad
Revise,"CCG Individual Cards (183454)","306816319736",SWSH05: Battle Styles #098/163 Morpeko,"US","USD","1.49",,"1",,,1232-t91da
Revise,"CCG Individual Cards (183454)","306816319737",SWSH05: Battle Styles #010/163 Durant,"US","USD","1.49",,"1",,,1229-t91d7
Revise,"CCG Individual Cards (183454)","306816319738",SWSH05: Battle Styles #047/163 Luxio,"US","USD","1.49",,"1",,,1230-t91d8
Revise,"CCG Individual Cards (183454)","306816319742",SWSH05: Battle Styles #098/163 Morpeko,"US","USD","1.49",,"1",,,1231-t91d9
Revise,"CCG Individual Cards (183454)","306816319750",SWSH05: Battle Styles #031/163 Horsea,"US","USD","1.49",,"1",,,1233-t91db
Revise,"CCG Individual Cards (183454)","306816319755",SWSH05: Battle Styles #031/163 Horsea Reverse Holo,"US","USD","1.99",,"1",,,1234-t91dc
Revise,"CCG Individual Cards (183454)","306816319761",SWSH05: Battle Styles #068/163 Onix,"US","USD","1.49",,"1",,,1235-t91dd
Revise,"CCG Individual Cards (183454)","306816319781",SWSH05: Battle Styles #068/163 Onix Reverse Holo,"US","USD","1.99",,"1",,,1236-t91de
Revise,"CCG Individual Cards (183454)","306816319788",SWSH05: Battle Styles #095/163 Houndour,"US","USD","1.99",,"1",,,1238-t91dg
Revise,"CCG Individual Cards (183454)","306816319793",SWSH05: Battle Styles #068/163 Onix,"US","USD","1.49",,"1",,,1237-t91df
Revise,"CCG Individual Cards (183454)","306816319795",SWSH05: Battle Styles #105/163 Honedge Reverse Holo,"US","USD","1.99",,"1",,,1240-t91di
Revise,"CCG Individual Cards (183454)","306816319798",SWSH05: Battle Styles #105/163 Honedge,"US","USD","1.49",,"1",,,1239-t91dh
Revise,"CCG Individual Cards (183454)","306816319811",SWSH05: Battle Styles #007/163 Cherubi,"US","USD","1.49",,"1",,,1243-t91do
Revise,"CCG Individual Cards (183454)","306816319813",SWSH05: Battle Styles #041/163 Frillish,"US","USD","1.49",,"1",,,1244-t91dp
Revise,"CCG Individual Cards (183454)","306816319815",SWSH05: Battle Styles #081/163 Silicobra,"US","USD","1.49",,"1",,,1245-t91dq
Revise,"CCG Individual Cards (183454)","306816319816",SWSH05: Battle Styles #089/163 Zubat Reverse Holo,"US","USD","1.99",,"1",,,1241-t91dj
Revise,"CCG Individual Cards (183454)","306816319819",SWSH05: Battle Styles #115/163 Glameow,"US","USD","1.49",,"1",,,1246-t91dr
Revise,"CCG Individual Cards (183454)","306816319825",SWSH05: Battle Styles #023/163 Tepig,"US","USD","1.49",,"1",,,1247-t91ds
Revise,"CCG Individual Cards (183454)","306816319842",SWSH05: Battle Styles #054/163 Galarian Slowpoke,"US","USD","1.49",,"1",,,1248-t91du
Revise,"CCG Individual Cards (183454)","306816319847",SWSH05: Battle Styles #066/163 Mankey,"US","USD","1.49",,"1",,,1249-t91dv
Revise,"CCG Individual Cards (183454)","306816319848",SWSH05: Battle Styles #059/163 Chimecho,"US","USD","1.49",,"1",,,1250-t91dw
Revise,"CCG Individual Cards (183454)","306816319854",SWSH05: Battle Styles #119/163 Drampa,"US","USD","1.49",,"1",,,1251-t91dx
Revise,"CCG Individual Cards (183454)","306816319856",SWSH05: Battle Styles #110/163 Corviknight VMAX,"US","USD","2.99",,"1",,,1252-t91dz
Revise,"CCG Individual Cards (183454)","306816319865",SWSH05: Battle Styles #089/163 Zubat,"US","USD","1.49",,"1",,,1242-t91dm
Revise,"CCG Individual Cards (183454)","306825827676",SWSH: Sword & Shield Promo Cards #SWSH107 Rapid Strike Urshifu V,"US","USD","1.49",,"1",,,1256-tm588
Revise,"CCG Individual Cards (183454)","306825827677",SWSH05: Battle Styles #140/163 Rapid Strike Energy Reverse Holo,"US","USD","1.49",,"1",,,1254-tm583
Revise,"CCG Individual Cards (183454)","306825827688",SWSH05: Battle Styles #079/163 Carkol Reverse Holo,"US","USD","1.49",,"1",,,1266-tm58y
Revise,"CCG Individual Cards (183454)","306825827689",SWSH04: Vivid Voltage #127/185 Aegislash VMAX,"US","USD","1.99",,"1",,,1261-tm58k
Revise,"CCG Individual Cards (183454)","306825827692",SWSH04: Vivid Voltage #161/185 Wyndon Stadium Reverse Holo,"US","USD","1.49",,"1",,,1265-tm58v
Revise,"CCG Individual Cards (183454)","306825827693",SWSH03: Darkness Ablaze #070/189 Snubbull Reverse Holo,"US","USD","2.99",,"1",,,1260-tm58i
Revise,"CCG Individual Cards (183454)","306825827694",SWSH01: Sword & Shield Base Set #101/202 Baltoy (101) Reverse Holo,"US","USD","1.99",,"1",,,1263-tm58p
Revise,"CCG Individual Cards (183454)","306825827695",SWSH: Sword & Shield Promo Cards #SWSH108 Empoleon V,"US","USD","2.79",,"1",,,1264-tm58t
Revise,"CCG Individual Cards (183454)","306825827696",SWSH05: Battle Styles #141/163 Single Strike Energy Reverse Holo,"US","USD","1.49",,"1",,,1257-tm58b
Revise,"CCG Individual Cards (183454)","306825827697",SWSH05: Battle Styles #020/163 Entei Holo,"US","USD","2.99",,"1",,,1267-tm591
Revise,"CCG Individual Cards (183454)","306825827701",SWSH05: Battle Styles #060/163 Espurr,"US","USD","1.49",,"1",,,1269-tm595
Revise,"CCG Individual Cards (183454)","306825827702",SWSH05: Battle Styles #081/163 Silicobra,"US","USD","1.49",,"1",,,1271-tm59d
Revise,"CCG Individual Cards (183454)","306825827703",SWSH05: Battle Styles #095/163 Houndour,"US","USD","1.99",,"1",,,1272-tm59f
Revise,"CCG Individual Cards (183454)","306825827706",SWSH05: Battle Styles #017/163 Blipbug,"US","USD","1.49",,"1",,,1270-tm599
Revise,"CCG Individual Cards (183454)","306825827707",SWSH05: Battle Styles #034/163 Galarian Mr. Mime Reverse Holo,"US","USD","1.49",,"1",,,1268-tm593
Revise,"CCG Individual Cards (183454)","306825827709",SWSH05: Battle Styles #113/163 Lickitung,"US","USD","1.49",,"1",,,1273-tm59i
Revise,"CCG Individual Cards (183454)","306825827715",SWSH05: Battle Styles #010/163 Durant,"US","USD","1.49",,"1",,,1274-tm59l
Revise,"CCG Individual Cards (183454)","306825827721",SWSH05: Battle Styles #116/163 Purugly,"US","USD","1.49",,"1",,,1275-tm59n
Revise,"CCG Individual Cards (183454)","306825827723",SWSH05: Battle Styles #136/163 Tool Jammer,"US","USD","1.99",,"1",,,1276-tm59p
Revise,"CCG Individual Cards (183454)","306825827733",SWSH05: Battle Styles #130/163 Phoebe,"US","USD","1.49",,"1",,,1277-tm59s
Revise,"CCG Individual Cards (183454)","306825827740",SWSH05: Battle Styles #034/163 Galarian Mr. Mime,"US","USD","1.49",,"1",,,1278-tm59v
Revise,"CCG Individual Cards (183454)","306825827743",SWSH05: Battle Styles #001/163 Bellsprout,"US","USD","1.49",,"1",,,1279-tm59y
Revise,"CCG Individual Cards (183454)","306825827747",SWSH05: Battle Styles #068/163 Onix,"US","USD","1.49",,"1",,,1280-tm5a0
Revise,"CCG Individual Cards (183454)","306825827749",SWSH05: Battle Styles #111/163 Spearow,"US","USD","1.49",,"1",,,1281-tm5a2
Revise,"CCG Individual Cards (183454)","306825827750",SWSH05: Battle Styles #066/163 Mankey,"US","USD","1.49",,"1",,,1282-tm5a5
Revise,"CCG Individual Cards (183454)","306825827751",SWSH05: Battle Styles #009/163 Carnivine,"US","USD","1.49",,"1",,,1284-tm5a9
Revise,"CCG Individual Cards (183454)","306825827754",SWSH05: Battle Styles #112/163 Fearow,"US","USD","1.49",,"1",,,1285-tm5ac
Revise,"CCG Individual Cards (183454)","306825827755",SWSH04: Vivid Voltage #075/185 Cottonee,"US","USD","1.49",,"1",,,1287-tm5ag
Revise,"CCG Individual Cards (183454)","306825827756",SWSH05: Battle Styles #130/163 Phoebe,"US","USD","1.49",,"1",,,1283-tm5a7
Revise,"CCG Individual Cards (183454)","306825827758",SWSH04: Vivid Voltage #143/185 Pikipek,"US","USD","1.99",,"1",,,1290-tm5an
Revise,"CCG Individual Cards (183454)","306825827759",SWSH04: Vivid Voltage #112/185 Galarian Meowth,"US","USD","2.99",,"1",,,1286-tm5ad
Revise,"CCG Individual Cards (183454)","306825827760",SWSH04: Vivid Voltage #013/185 Nincada,"US","USD","1.49",,"1",,,1289-tm5ak
Revise,"CCG Individual Cards (183454)","306825827764",SWSH04: Vivid Voltage #041/185 Arrokuda,"US","USD","1.49",,"1",,,1288-tm5ai
Revise,"CCG Individual Cards (183454)","306825827765",SWSH04: Vivid Voltage #002/185 Kakuna,"US","USD","1.49",,"1",,,1292-tm5at
Revise,"CCG Individual Cards (183454)","306825827768",SWSH03: Darkness Ablaze #120/189 Skarmory,"US","USD","1.49",,"1",,,1296-tm5b4
Revise,"CCG Individual Cards (183454)","306825827770",SWSH03: Darkness Ablaze #073/189 Gothita,"US","USD","1.49",,"1",,,1295-tm5b1
Revise,"CCG Individual Cards (183454)","306825827771",SWSH04: Vivid Voltage #156/185 Moomoo Cheese,"US","USD","1.49",,"1",,,1293-tm5av
Revise,"CCG Individual Cards (183454)","306825827774",SWSH03: Darkness Ablaze #048/189 Cubchoo,"US","USD","1.49",,"1",,,1297-tm5b6
Revise,"CCG Individual Cards (183454)","306825827775",SWSH04: Vivid Voltage #117/185 Metang,"US","USD","1.49",,"1",,,1291-tm5ap
Revise,"CCG Individual Cards (183454)","306825827777",SWSH03: Darkness Ablaze #003/189 Paras,"US","USD","1.49",,"1",,,1294-tm5ay
Revise,"CCG Individual Cards (183454)","306825827778",SWSH01: Sword & Shield Base Set #003/202 Roselia (003),"US","USD","1.49",,"1",,,1299-tm5bb
Revise,"CCG Individual Cards (183454)","306825827779",SWSH03: Darkness Ablaze #017/189 Wimpod,"US","USD","1.99",,"1",,,1298-tm5b9
Revise,"CCG Individual Cards (183454)","306825827783",SWSH01: Sword & Shield Base Set #044/202 Kingler,"US","USD","1.49",,"1",,,1301-tm5bf
Revise,"CCG Individual Cards (183454)","306825827784",SWSH01: Sword & Shield Base Set #159/202 Crushing Hammer,"US","USD","1.49",,"1",,,1302-tm5bh
Revise,"CCG Individual Cards (183454)","306825827786",SWSH01: Sword & Shield Base Set #166/202 Hyper Potion,"US","USD","1.49",,"1",,,1300-tm5bd
Revise,"CCG Individual Cards (183454)","306825827795",SWSH05: Battle Styles #105/163 Honedge,"US","USD","1.49",,"1",,,1303-tm5bj
Revise,"CCG Individual Cards (183454)","306825827799",SWSH05: Battle Styles #044/163 Electabuzz,"US","USD","1.49",,"1",,,1304-tm5bl
Revise,"CCG Individual Cards (183454)","306825827802",SWSH05: Battle Styles #106/163 Doublade,"US","USD","1.49",,"1",,,1305-tm5bn
Revise,"CCG Individual Cards (183454)","306825827804",SWSH05: Battle Styles #132/163 Rapid Strike Style Mustard,"US","USD","1.49",,"1",,,1306-tm5bq
Revise,"CCG Individual Cards (183454)","306825827813",SWSH05: Battle Styles #049/163 Pachirisu,"US","USD","1.49",,"1",,,1307-tm5bs
Revise,"CCG Individual Cards (183454)","306825827815",SWSH05: Battle Styles #100/163 Mawile,"US","USD","1.49",,"1",,,1308-tm5bu
Revise,"CCG Individual Cards (183454)","306825827817",SWSH05: Battle Styles #036/163 Remoraid,"US","USD","1.49",,"1",,,1309-tm5bx
Revise,"CCG Individual Cards (183454)","306825827827",SWSH05: Battle Styles #130/163 Phoebe,"US","USD","1.49",,"1",,,1313-tm5c5
Revise,"CCG Individual Cards (183454)","306825827829",SWSH05: Battle Styles #073/163 Timburr,"US","USD","1.49",,"1",,,1314-tm5c7
Revise,"CCG Individual Cards (183454)","306825827830",SWSH05: Battle Styles #123/163 Cheryl,"US","USD","1.49",,"1",,,1311-tm5c1
Revise,"CCG Individual Cards (183454)","306825827833",SWSH05: Battle Styles #103/163 Pawniard,"US","USD","1.49",,"1",,,1315-tm5ca
Revise,"CCG Individual Cards (183454)","306825827836",SWSH05: Battle Styles #004/163 Cacnea,"US","USD","1.49",,"1",,,1316-tm5cc
Revise,"CCG Individual Cards (183454)","306825827844",SWSH05: Battle Styles #140/163 Rapid Strike Energy,"US","USD","1.49",,"1",,,1312-tm5c2
Revise,"CCG Individual Cards (183454)","306825827849",SWSH05: Battle Styles #046/163 Shinx,"US","USD","1.99",,"1",,,1317-tm5ce
Revise,"CCG Individual Cards (183454)","306825827850",SWSH05: Battle Styles #134/163 Single Strike Style Mustard,"US","USD","1.49",,"1",,,1320-tm5cm
Revise,"CCG Individual Cards (183454)","306825827853",SWSH05: Battle Styles #029/163 Sizzlipede,"US","USD","2.99",,"1",,,1318-tm5ch
Revise,"CCG Individual Cards (183454)","306825827855",SWSH05: Battle Styles #028/163 Salazzle,"US","USD","1.49",,"1",,,1319-tm5cj
Revise,"CCG Individual Cards (183454)","306825827858",SWSH05: Battle Styles #104/163 Bisharp,"US","USD","1.49",,"1",,,1322-tm5cr
Revise,"CCG Individual Cards (183454)","306825827859",SWSH05: Battle Styles #001/163 Bellsprout,"US","USD","1.49",,"1",,,1324-tm5cx
Revise,"CCG Individual Cards (183454)","306825827860",SWSH05: Battle Styles #111/163 Spearow,"US","USD","1.49",,"1",,,1323-tm5ct
Revise,"CCG Individual Cards (183454)","306825827861",SWSH05: Battle Styles #034/163 Galarian Mr. Mime,"US","USD","1.49",,"1",,,1325-tm5cz
Revise,"CCG Individual Cards (183454)","306825827863",SWSH05: Battle Styles #123/163 Cheryl,"US","USD","1.49",,"1",,,1321-tm5co
Revise,"CCG Individual Cards (183454)","306825827864",SWSH05: Battle Styles #081/163 Silicobra,"US","USD","1.49",,"1",,,1326-tm5d2
Revise,"CCG Individual Cards (183454)","306825827868",SWSH01: Sword & Shield Base Set #045/202 Goldeen (045),"US","USD","1.49",,"1",,,1328-tm5d6
Revise,"CCG Individual Cards (183454)","306825827870",SWSH03: Darkness Ablaze #085/189 Dugtrio,"US","USD","1.49",,"1",,,1327-tm5d4
Revise,"CCG Individual Cards (183454)","306825827876",SWSH03: Darkness Ablaze #027/189 Simisear,"US","USD","1.49",,"1",,,1332-tm5dn
Revise,"CCG Individual Cards (183454)","306825827879",SWSH01: Sword & Shield Base Set #017/202 Blipbug (017),"US","USD","1.49",,"1",,,1329-tm5de
Revise,"CCG Individual Cards (183454)","306825827883",SWSH01: Sword & Shield Base Set #108/202 Silicobra (108),"US","USD","1.49",,"1",,,1330-tm5di
Revise,"CCG Individual Cards (183454)","306825827888",SWSH01: Sword & Shield Base Set #070/202 Joltik,"US","USD","1.49",,"1",,,1331-tm5dk
Revise,"CCG Individual Cards (183454)","306825828920",SWSH03: Darkness Ablaze #114/189 Grimmsnarl V,"US","USD","2.49",,"1",,,1259-tm58f
Revise,"CCG Individual Cards (183454)","306841110484",SM - Cosmic Eclipse #209/236 Draw Energy,"US","USD","1.99",,"1",,,720-mqu4y
Revise,"CCG Individual Cards (183454)","306841110902",SWSH03: Darkness Ablaze #133/189 Kangaskhan Reverse Holo,"US","USD","1.99",,"1",,,1010-qj20r
Revise,"CCG Individual Cards (183454)","306841111223",SWSH03: Darkness Ablaze #122/189 Lairon Reverse Holo,"US","USD","1.99",,"1",,,1013-qj21j
Revise,"CCG Individual Cards (183454)","306890950854",Pokémon TCG ME01: Mega Evolution #107/132 Buneary Reverse Holo,"US","USD","1.49",,"1",,,1339-w5wvj
Revise,"CCG Individual Cards (183454)","306890950855",Pokémon TCG SV04: Paradox Rift #146/182 Ambipom Reverse Holo,"US","USD","1.79",,"1",,,1351-w5wvv
Revise,"CCG Individual Cards (183454)","306890950857",Pokémon TCG SV08: Surging Sparks #050/191 Quaxly Reverse Holo,"US","USD","1.99",,"1",,,1345-w5wvp
Revise,"CCG Individual Cards (183454)","306890950858",Pokémon TCG SV08: Surging Sparks #019/191 Ho-Oh Reverse Holo,"US","USD","1.99",,"1",,,1346-w5wvq
Revise,"CCG Individual Cards (183454)","306890950863",Pokémon TCG SV08: Surging Sparks #014/191 Rabsca Holo,"US","USD","1.49",,"1",,,1356-w5ww0
Revise,"CCG Individual Cards (183454)","306890950865",Pokémon TCG SWSH07: Evolving Skies #084/203 Hippopotas,"US","USD","1.49",,"1",,,1334-w5wve
Revise,"CCG Individual Cards (183454)","306890950866",Pokémon TCG SWSH07: Evolving Skies #044/203 Bergmite,"US","USD","1.49",,"1",,,1337-w5wvh
Revise,"CCG Individual Cards (183454)","306890950870",Pokémon TCG SWSH07: Evolving Skies #104/203 Nickit,"US","USD","1.49",,"1",,,1336-w5wvg
Revise,"CCG Individual Cards (183454)","306890950871",Pokémon TCG SV04: Paradox Rift #032/182 Kingdra Holo,"US","USD","1.49",,"1",,,1353-w5wvx
Revise,"CCG Individual Cards (183454)","306890950872",Miscellaneous Cards & Products #024/167 Teal Mask Ogerpon (Cosmos Holo),"US","USD","1.79",,"1",,,1340-w5wvk
Revise,"CCG Individual Cards (183454)","306890950876",Pokémon TCG SV07: Stellar Crown #010/142 Gossifleur Reverse Holo,"US","USD","1.99",,"1",,,1348-w5wvs
Revise,"CCG Individual Cards (183454)","306890950877",Pokémon TCG SV06: Twilight Masquerade #111/167 Okidogi Holo,"US","USD","1.49",,"1",,,1344-w5wvo
Revise,"CCG Individual Cards (183454)","306890950881",Pokémon TCG SV07: Stellar Crown #001/142 Venusaur ex,"US","USD","2.99",,"1",,,1350-w5wvu
Revise,"CCG Individual Cards (183454)","306890950884",Pokémon TCG SV08: Surging Sparks #028/191 Centiskorch Reverse Holo,"US","USD","1.49",,"1",,,1355-w5wvz
Revise,"CCG Individual Cards (183454)","306890950887",SV: Scarlet & Violet Promo Cards #022/167 Sinistcha Reverse Holo,"US","USD","1.99",,"1",,,1359-w5ww3
Revise,"CCG Individual Cards (183454)","306890950891",Pokémon TCG SV07: Stellar Crown #155/142 Archaludon,"US","USD","4.99",,"1",,,1343-w5wvn
Revise,"CCG Individual Cards (183454)","306890950898",Pokémon TCG SV07: Stellar Crown #071/142 Iron Boulder Holo,"US","USD","1.49",,"1",,,1358-w5ww2
Revise,"CCG Individual Cards (183454)","306890950899",Pokémon TCG SV07: Stellar Crown #113/142 Eevee Reverse Holo,"US","USD","1.99",,"1",,,1363-w5ww8
Revise,"CCG Individual Cards (183454)","306890950902",Pokémon TCG SV07: Stellar Crown #127/142 Cyclizar Reverse Holo,"US","USD","1.49",,"1",,,1357-w5ww1
Revise,"CCG Individual Cards (183454)","306890950906",Pokémon TCG SWSH07: Evolving Skies #049/203 Pikachu,"US","USD","1.99",,"1",,,1338-w5wvi
Revise,"CCG Individual Cards (183454)","306890950907",Pokémon TCG SV07: Stellar Crown #101/142 Klinklang Holo,"US","USD","1.49",,"1",,,1364-w5wwa
Revise,"CCG Individual Cards (183454)","306890950908",Pokémon TCG SV07: Stellar Crown #099/142 Klink Reverse Holo,"US","USD","1.49",,"1",,,1349-w5wvt
Revise,"CCG Individual Cards (183454)","306890950909",Pokémon TCG ME: Ascended Heroes #255/217 Black Belt's Training,"US","USD","2.99",,"1",,,1361-w5ww6
Revise,"CCG Individual Cards (183454)","306890950915",Pokémon TCG SV08: Surging Sparks #010/191 Dhelmise Reverse Holo,"US","USD","1.49",,"1",,,1354-w5wvy
Revise,"CCG Individual Cards (183454)","306890950916",Pokémon TCG SWSH07: Evolving Skies #133/203 Lillipup,"US","USD","1.49",,"1",,,1335-w5wvf
Revise,"CCG Individual Cards (183454)","306890950924",Pokémon TCG SV06: Twilight Masquerade #101/167 Nosepass Reverse Holo,"US","USD","1.49",,"1",,,1360-w5ww4
Revise,"CCG Individual Cards (183454)","306890950925",Miscellaneous Cards & Products #159/167 Ogre's Mask Cosmo Holo,"US","USD","1.89",,"1",,,1342-w5wvm
Revise,"CCG Individual Cards (183454)","306890950940",ME: Ascended Heroes #053/217 Frosmoth (Energy Symbol Pattern),"US","USD","1.99",,"1",,,1366-w5wwc
Revise,"CCG Individual Cards (183454)","306890950974",ME02: Phantasmal Flames #080/094 Smeargle Reverse Holo,"US","USD","1.49",,"1",,,1368-w5wwf
Revise,"CCG Individual Cards (183454)","306890950975",ME01: Mega Evolution #042/132 Snom Reverse Holo,"US","USD","1.49",,"1",,,1367-w5wwd
Revise,"CCG Individual Cards (183454)","306890951001",ME02: Phantasmal Flames #034/094 Pawmot Holo,"US","USD","1.49",,"1",,,1369-w5wwh
Revise,"CCG Individual Cards (183454)","306890951007",ME: Ascended Heroes #037/217 Raboot (Friend Ball),"US","USD","1.49",,"1",,,1370-w5wwi
Revise,"CCG Individual Cards (183454)","306890951011",ME: Ascended Heroes #029/217 Tepig (Friend Ball),"US","USD","1.49",,"1",,,1372-w5wwl
Revise,"CCG Individual Cards (183454)","306890951012",ME: Ascended Heroes #015/217 Dustox,"US","USD","1.99",,"1",,,1371-w5wwj
Revise,"CCG Individual Cards (183454)","306893073738",SM - Cosmic Eclipse #139/236 Steelix Reverse Holo,"US","USD","2.49",,"1",,,1374-w99w4
Revise,"CCG Individual Cards (183454)","306893073757",SM - Team Up #108/181 Doublade,"US","USD","1.49",,"1",,,1379-w99wh
Revise,"CCG Individual Cards (183454)","306893073760",Jungle #43/64 Primeape,"US","USD","1.49",,"1",,,1377-w99wb
Revise,"CCG Individual Cards (183454)","306893073779",XY - BREAKthrough #83/162 Hippopotas,"US","USD","1.49",,"1",,,1378-w99we
Revise,"CCG Individual Cards (183454)","306893073784",SM - Guardians Rising #83/145 Beldum,"US","USD","1.49",,"1",,,1380-w99wi
Revise,"CCG Individual Cards (183454)","306893073786",SM - Cosmic Eclipse #163/236 Kommo-o Holo,"US","USD","2.49",,"1",,,1382-w99wn
Revise,"CCG Individual Cards (183454)","306893073790",SM - Ultra Prism #33/156 Prinplup,"US","USD","1.49",,"1",,,1383-w99wp
Revise,"CCG Individual Cards (183454)","306893073791",Diamond and Pearl #83/130 Glameow,"US","USD","1.99",,"1",,,1385-w99wr
Revise,"CCG Individual Cards (183454)","306893073807",XY - Evolutions #47/108 Gastly,"US","USD","1.49",,"1",,,1389-w99wv
Revise,"CCG Individual Cards (183454)","306893073815",XY - Evolutions #5/108 Weedle,"US","USD","1.99",,"1",,,1393-w99wz
Revise,"CCG Individual Cards (183454)","306893073816",XY - Evolutions #81/108 Pidgeot Spirit Link,"US","USD","1.49",,"1",,,1391-w99wx
Revise,"CCG Individual Cards (183454)","306893073820",XY - Evolutions #57/108 Machop,"US","USD","1.49",,"1",,,1394-w99x0
Revise,"CCG Individual Cards (183454)","306893073821",XY - Evolutions #14/108 Vulpix,"US","USD","1.49",,"1",,,1396-w99x2
Revise,"CCG Individual Cards (183454)","306893073822",XY - Evolutions #17/108 Growlithe,"US","USD","1.99",,"1",,,1388-w99wu
Revise,"CCG Individual Cards (183454)","306893073823",XY - Evolutions #73/108 Blastoise Spirit Link,"US","USD","1.49",,"1",,,1392-w99wy
Revise,"CCG Individual Cards (183454)","306893073825",XY - Evolutions #68/108 Farfetch'd,"US","USD","2.99",,"1",,,1397-w99x3
Revise,"CCG Individual Cards (183454)","306893073854",XY - Evolutions #8/108 Tangela,"US","USD","1.49",,"1",,,1395-w99x1
Revise,"CCG Individual Cards (183454)","306893073864",SM - Crimson Invasion #75/111 Jangmo-o,"US","USD","2.99",,"1",,,1376-w99w9
Revise,"CCG Individual Cards (183454)","306893073866",XY - Evolutions #10/108 Charmeleon,"US","USD","1.99",,"1",,,1398-w99x4
Revise,"CCG Individual Cards (183454)","306893073873",XY - Evolutions #75/108 Charizard Spirit Link,"US","USD","1.99",,"1",,,1399-w99x5
Revise,"CCG Individual Cards (183454)","306893073874",XY - Evolutions #82/108 Pokedex,"US","USD","1.49",,"1",,,1401-w99x7
Revise,"CCG Individual Cards (183454)","306893073881",SM - Forbidden Light #47/131 Honedge (47),"US","USD","1.49",,"1",,,1381-w99wl
Revise,"CCG Individual Cards (183454)","306897208278",SM - Crimson Invasion #39/111 Misdreavus,"US","USD","1.49",,"1",,,1403-we69l
Revise,"CCG Individual Cards (183454)","306897208279",SM - Crimson Invasion #32/111 Alolan Geodude,"US","USD","1.49",,"1",,,1406-we69o
Revise,"CCG Individual Cards (183454)","306897208285",SM - Crimson Invasion #61/111 Zweilous,"US","USD","1.99",,"1",,,1407-we69p
Revise,"CCG Individual Cards (183454)","306897208300",SM - Crimson Invasion #20/111 Piloswine,"US","USD","2.99",,"1",,,1409-we69r
Revise,"CCG Individual Cards (183454)","306897208307",SM - Crimson Invasion #55/111 Stufful,"US","USD","1.79",,"1",,,1410-we69s
Revise,"CCG Individual Cards (183454)","306897208313",SM - Crimson Invasion #85/111 Minccino,"US","USD","1.99",,"1",,,1404-we69m
Revise,"CCG Individual Cards (183454)","306897208314",SM - Crimson Invasion #22/111 Remoraid,"US","USD","1.99",,"1",,,1411-we69t
Revise,"CCG Individual Cards (183454)","306897208322",SM - Crimson Invasion #15/111 Staryu,"US","USD","1.99",,"1",,,1413-we69v
Revise,"CCG Individual Cards (183454)","306897208323",SM - Crimson Invasion #100/111 Counter Energy,"US","USD","1.99",,"1",,,1412-we69u
Revise,"CCG Individual Cards (183454)","306897208332",SM - Crimson Invasion #97/111 Peeking Red Card,"US","USD","1.49",,"1",,,1408-we69q
Revise,"CCG Individual Cards (183454)","306897208337",SM - Crimson Invasion #5/111 Cacnea,"US","USD","1.49",,"1",,,1415-we69x
Revise,"CCG Individual Cards (183454)","306897208342",SM - Crimson Invasion #65/111 Aron,"US","USD","1.49",,"1",,,1416-we69y
Revise,"CCG Individual Cards (183454)","306897208343",SM - Crimson Invasion #99/111 Sea of Nothingness,"US","USD","1.49",,"1",,,1417-we69z
Revise,"CCG Individual Cards (183454)","306897208364",SM - Crimson Invasion #46/111 Salandit,"US","USD","1.49",,"1",,,1420-we6a2
Revise,"CCG Individual Cards (183454)","306897208365",SM - Crimson Invasion #43/111 Chimecho,"US","USD","1.49",,"1",,,1419-we6a1
Revise,"CCG Individual Cards (183454)","306897208374",SM - Crimson Invasion #37/111 Haunter,"US","USD","1.79",,"1",,,1421-we6a3
Revise,"CCG Individual Cards (183454)","306897208386",SM - Crimson Invasion #36/111 Gastly,"US","USD","1.49",,"1",,,1422-we6a4
Revise,"CCG Individual Cards (183454)","306897208391",XY - Steam Siege #89/114 Persian,"US","USD","1.49",,"1",,,1423-we6a5
Revise,"CCG Individual Cards (183454)","306897208405",SM - Guardians Rising #101/145 Chansey,"US","USD","2.99",,"1",,,1424-we6a6
Revise,"CCG Individual Cards (183454)","306897208406",Crown Zenith #072/159 Pancham,"US","USD","1.49",,"1",,,1425-we6a7
Revise,"CCG Individual Cards (183454)","306897208411",Crown Zenith #024/159 Larvesta,"US","USD","1.49",,"1",,,1426-we6a8
Revise,"CCG Individual Cards (183454)","306897208416",Champion's Path #31/73 Rolycoly,"US","USD","1.49",,"1",,,1427-we6a9
Revise,"CCG Individual Cards (183454)","306900863253",Shining Fates #041/072 Koffing Reverse Holo,"US","USD","2.49",,"1",,,1428-wi2rh
Revise,"CCG Individual Cards (183454)","306900863263",Celebrations #013/025 Cosmog Holo,"US","USD","1.49",,"1",,,1429-wi2rm
Revise,"CCG Individual Cards (183454)","306900863282",SWSH04: Vivid Voltage #018/185 Gogoat Reverse Holo,"US","USD","1.99",,"1",,,1431-wi2s0
Revise,"CCG Individual Cards (183454)","306900863283",SWSH08: Fusion Strike #138/264 Onix Reverse Holo,"US","USD","1.99",,"1",,,1432-wi2s6
Revise,"CCG Individual Cards (183454)","306900863312",Crown Zenith #062/159 Lunatone Reverse Holo,"US","USD","1.79",,"1",,,1433-wi2sa
Revise,"CCG Individual Cards (183454)","306900863321",SWSH11: Lost Origin #013/196 Shiftry Reverse Holo,"US","USD","1.79",,"1",,,1434-wi2sg
Revise,"CCG Individual Cards (183454)","306900863325",SWSH11: Lost Origin #106/196 Binacle Reverse Holo,"US","USD","1.49",,"1",,,1436-wi2st
Revise,"CCG Individual Cards (183454)","306900863329",SWSH12: Silver Tempest #110/195 Toxicroak Reverse Holo,"US","USD","1.99",,"1",,,1437-wi2sy
Revise,"CCG Individual Cards (183454)","306900863336",SWSH07: Evolving Skies #134/203 Herdier Reverse Holo,"US","USD","2.49",,"1",,,1438-wi2t4
Revise,"CCG Individual Cards (183454)","306900863340",SWSH12: Silver Tempest #042/195 Glalie Reverse Holo,"US","USD","1.99",,"1",,,1439-wi2t8
Revise,"CCG Individual Cards (183454)","306900863349",SWSH11: Lost Origin #031/196 Poliwhirl Reverse Holo,"US","USD","1.99",,"1",,,1440-wi2tc
Revise,"CCG Individual Cards (183454)","306900863362",XY - Fates Collide #36/124 Diglett,"US","USD","1.49",,"1",,,1442-wi2tn
Revise,"CCG Individual Cards (183454)","306900863376",XY - Roaring Skies #37/108 Gliscor Reverse Holo,"US","USD","1.99",,"1",,,1443-wi2tu
Revise,"CCG Individual Cards (183454)","306900863377",XY - Roaring Skies #36/108 Gligar,"US","USD","1.99",,"1",,,1444-wi2ty
Revise,"CCG Individual Cards (183454)","306900863379",SM Base Set #72/149 Crabrawler,"US","USD","1.49",,"1",,,1445-wi2u2
Revise,"CCG Individual Cards (183454)","306900863386",Crown Zenith #073/159 Rockruff,"US","USD","1.49",,"1",,,1446-wi2u3
Revise,"CCG Individual Cards (183454)","306900863389",SM - Crimson Invasion #36/111 Gastly,"US","USD","1.99",,"1",,,1447-wi2u4
Revise,"CCG Individual Cards (183454)","306900863393",SM - Crimson Invasion #94/111 Fighting Memory,"US","USD","1.49",,"1",,,1449-wi2u7
Revise,"CCG Individual Cards (183454)","306900863397",SM - Cosmic Eclipse #124/236 Lycanroc Holo,"US","USD","2.99",,"1",,,1451-wi2u9
Revise,"CCG Individual Cards (183454)","306900863400",Mysterious Treasures #43/123 Cranidos,"US","USD","1.99",,"1",,,1452-wi2ub
Revise,"CCG Individual Cards (183454)","306900863401",SM - Crimson Invasion #98/111 Psychic Memory,"US","USD","1.49",,"1",,,1450-wi2u8
Revise,"CCG Individual Cards (183454)","306900863405",Team Rocket #59/82 Machop,"US","USD","2.99",,"1",,,1453-wi2uc
Revise,"CCG Individual Cards (183454)","306900863410",SM - Team Up #116/181 Dratini (116),"US","USD","1.99",,"1",,,1454-wi2uf
Revise,"CCG Individual Cards (183454)","306901896858",Rising Rivals #68/111 Koffing,"US","USD","1.99",,"1",,,1455-wj5qt
Revise,"CCG Individual Cards (183454)","306901896859",SM - Cosmic Eclipse #7/236 Sunkern,"US","USD","1.79",,"1",,,1456-wj5qu
Revise,"CCG Individual Cards (183454)","306901896861",SM - Forbidden Light #34/131 Magnemite,"US","USD","1.99",,"1",,,1457-wj5qv
Revise,"CCG Individual Cards (183454)","306901896863",SM - Lost Thunder #18/214 Heracross,"US","USD","1.99",,"1",,,1458-wj5qw
Revise,"CCG Individual Cards (183454)","306901896864",Fossil #42/62 Seadra,"US","USD","1.79",,"1",,,1461-wj5qz
Revise,"CCG Individual Cards (183454)","306901896890",Team Rocket #49/82 Abra,"US","USD","1.99",,"1",,,1463-wj5r1
Revise,"CCG Individual Cards (183454)","306901896906",Shining Legends #19/73 Croconaw,"US","USD","1.99",,"1",,,1465-wj5r3
Revise,"CCG Individual Cards (183454)","306901896909",XY - Roaring Skies #7/108 Dustox (7),"US","USD","1.49",,"1",,,1462-wj5r0
Revise,"CCG Individual Cards (183454)","306901896933",SM - Team Up #29/181 Magikarp,"US","USD","1.99",,"1",,,1469-wj5r7
Revise,"CCG Individual Cards (183454)","306901896936",SM - Cosmic Eclipse #72/236 Lanturn,"US","USD","1.79",,"1",,,1466-wj5r4
Revise,"CCG Individual Cards (183454)","306901896946",SM - Guardians Rising #29/145 Wailmer,"US","USD","1.79",,"1",,,1468-wj5r6
Revise,"CCG Individual Cards (183454)","306901896948",SM - Guardians Rising #83/145 Beldum,"US","USD","2.49",,"1",,,1470-wj5r8
Revise,"CCG Individual Cards (183454)","306901896957",Stormfront #35/100 Dusclops (35),"US","USD","3.99",,"1",,,1471-wj5r9
Revise,"CCG Individual Cards (183454)","306901896959",SWSH01: Sword & Shield Base Set #130/202 Ferroseed,"US","USD","1.49",,"1",,,1474-wj5rc
Revise,"CCG Individual Cards (183454)","306901896964",XY - BREAKthrough #66/162 Mismagius,"US","USD","1.99",,"1",,,1473-wj5rb
Revise,"CCG Individual Cards (183454)","306901896967",Team Rocket #70/82 Zubat,"US","USD","1.99",,"1",,,1475-wj5rd
Revise,"CCG Individual Cards (183454)","306901896970",XY Beginning Set #003/039 Chespin,"US","USD","1.49",,"1",,,1478-wj5rg
Revise,"CCG Individual Cards (183454)","306901896995",XY - Evolutions #68/108 Farfetch'd,"US","USD","1.49",,"1",,,1483-wj5rs
Revise,"CCG Individual Cards (183454)","306901896999",SWSH04: Vivid Voltage #136/185 Loudred,"US","USD","1.49",,"1",,,1485-wj5s0
Revise,"CCG Individual Cards (183454)","306901897001",SWSH04: Vivid Voltage #133/185 Taillow,"US","USD","1.99",,"1",,,1484-wj5rw
Revise,"CCG Individual Cards (183454)","306901897014",SWSH02: Rebel Clash #148/192 Hawlucha,"US","USD","1.49",,"1",,,1486-wj5s2
Revise,"CCG Individual Cards (183454)","306901897033",SWSH03: Darkness Ablaze #146/189 Staravia,"US","USD","1.49",,"1",,,1490-wj5s6
Revise,"CCG Individual Cards (183454)","306901897041",SWSH03: Darkness Ablaze #150/189 Bunnelby,"US","USD","1.49",,"1",,,1488-wj5s4
Revise,"CCG Individual Cards (183454)","306901897050",SWSH03: Darkness Ablaze #141/189 Skitty,"US","USD","1.49",,"1",,,1492-wj5s8
Revise,"CCG Individual Cards (183454)","306901897058",SM - Unified Minds #166/236 Noctowl,"US","USD","1.99",,"1",,,1493-wj5s9
Revise,"CCG Individual Cards (183454)","306901897064",SWSH03: Darkness Ablaze #137/189 Dunsparce,"US","USD","1.49",,"1",,,1491-wj5s7
Revise,"CCG Individual Cards (183454)","306901897069",SM - Unified Minds #175/236 Tranquill,"US","USD","2.49",,"1",,,1494-wj5sa
Revise,"CCG Individual Cards (183454)","306901897092",SM - Lost Thunder #163/214 Pikipek (163),"US","USD","1.49",,"1",,,1496-wj5sc
Revise,"CCG Individual Cards (183454)","306901897094",SM - Unified Minds #185/236 Komala,"US","USD","1.99",,"1",,,1497-wj5sd
Revise,"CCG Individual Cards (183454)","306901897096",SWSH02: Rebel Clash #144/192 Tranquill,"US","USD","1.49",,"1",,,1499-wj5sf
Revise,"CCG Individual Cards (183454)","306901897105",SWSH02: Rebel Clash #146/192 Bunnelby,"US","USD","1.99",,"1",,,1498-wj5se
Revise,"CCG Individual Cards (183454)","306901897118",SWSH01: Sword & Shield Base Set #150/202 Rookidee,"US","USD","1.49",,"1",,,1501-wj5sh
Revise,"CCG Individual Cards (183454)","306901897127",SM - Lost Thunder #163/214 Pikipek (163),"US","USD","1.49",,"1",,,1504-wj5sk
Revise,"CCG Individual Cards (183454)","306901897128",SWSH02: Rebel Clash #151/192 Skwovet,"US","USD","1.49",,"1",,,1503-wj5sj
Revise,"CCG Individual Cards (183454)","306901897131",SM - Unified Minds #171/236 Bidoof,"US","USD","1.79",,"1",,,1502-wj5si
Revise,"CCG Individual Cards (183454)","306901897137",SWSH02: Rebel Clash #142/192 Chatot,"US","USD","1.49",,"1",,,1500-wj5sg
Revise,"CCG Individual Cards (183454)","306901897285",SWSH03: Darkness Ablaze #135/189 Sentret,"US","USD","1.49",,"1",,,1487-wj5s3
Revise,"CCG Individual Cards (183454)","306901897336",SM - Lost Thunder #162/214 Kecleon (162),"US","USD","1.79",,"1",,,1495-wj5sb
Revise,"CCG Individual Cards (183454)","306901897400",SM - Crimson Invasion #87/111 Bunnelby,"US","USD","1.49",,"1",,,1505-wj5sl
Revise,"CCG Individual Cards (183454)","306902420732",SWSH04: Vivid Voltage #069/185 Duskull,"US","USD","1.49",,"1",,,1507-wk9bu
Revise,"CCG Individual Cards (183454)","306902420736",SWSH04: Vivid Voltage #077/185 Dedenne,"US","USD","1.79",,"1",,,1508-wk9bv
Revise,"CCG Individual Cards (183454)","306902420740",SWSH04: Vivid Voltage #074/185 Swoobat,"US","USD","1.49",,"1",,,1509-wk9bw
Revise,"CCG Individual Cards (183454)","306902420741",XY - Ancient Origins #4/98 Bellossom,"US","USD","1.99",,"1",,,1511-wk9by
Revise,"CCG Individual Cards (183454)","306902420745",SWSH04: Vivid Voltage #063/185 Clefairy,"US","USD","1.99",,"1",,,1510-wk9bx
Revise,"CCG Individual Cards (183454)","306902420750",XY - Ancient Origins #32/98 Baltoy (32),"US","USD","1.99",,"1",,,1512-wk9bz
Revise,"CCG Individual Cards (183454)","306902420752",XY - Ancient Origins #58/98 Goomy,"US","USD","1.79",,"1",,,1513-wk9c0
Revise,"CCG Individual Cards (183454)","306902420763",SWSH04: Vivid Voltage #130/185 Eevee,"US","USD","1.79",,"1",,,1515-wk9c2
Revise,"CCG Individual Cards (183454)","306902420773",Great Encounters #93/106 Weedle,"US","USD","1.99",,"1",,,1516-wk9c3
Revise,"CCG Individual Cards (183454)","306902420775",Plasma Blast #62/101 Bagon,"US","USD","1.49",,"1",,,1517-wk9c4
Revise,"CCG Individual Cards (183454)","306902420785",SWSH04: Vivid Voltage #006/185 Yanma,"US","USD","1.49",,"1",,,1518-wk9c5
Revise,"CCG Individual Cards (183454)","306902420787",SWSH02: Rebel Clash #008/192 Lombre,"US","USD","1.49",,"1",,,1519-wk9c6
Revise,"CCG Individual Cards (183454)","306902420789",SWSH04: Vivid Voltage #008/185 Pineco,"US","USD","1.49",,"1",,,1520-wk9c7
Revise,"CCG Individual Cards (183454)","306902420792",SWSH04: Vivid Voltage #008/185 Pineco,"US","USD","1.49",,"1",,,1521-wk9c8
Revise,"CCG Individual Cards (183454)","306902420796",SWSH04: Vivid Voltage #008/185 Pineco,"US","USD","1.49",,"1",,,1522-wk9c9
Revise,"CCG Individual Cards (183454)","306902420806",XY - Ancient Origins #46/98 Malamar,"US","USD","1.49",,"1",,,1524-wk9cg
Revise,"CCG Individual Cards (183454)","306902420811",Delta Species #48/113 Magneton,"US","USD","1.99",,"1",,,1526-wk9cp
Revise,"CCG Individual Cards (183454)","306902420813",SM - Unbroken Bonds #46/214 Krabby,"US","USD","1.49",,"1",,,1527-wk9cv
Revise,"CCG Individual Cards (183454)","306902420825",SM - Unbroken Bonds #34/214 Wartortle,"US","USD","1.99",,"1",,,1529-wk9d5
Revise,"CCG Individual Cards (183454)","306902420838",SM - Unbroken Bonds #38/214 Poliwhirl,"US","USD","1.99",,"1",,,1530-wk9da
Revise,"CCG Individual Cards (183454)","306902420841",SM - Unbroken Bonds #51/214 Froakie,"US","USD","2.99",,"1",,,1531-wk9de
Revise,"CCG Individual Cards (183454)","306902420843",SM - Unbroken Bonds #44/214 Seel,"US","USD","1.49",,"1",,,1532-wk9dk
Revise,"CCG Individual Cards (183454)","306902420847",SM - Unbroken Bonds #42/214 Slowpoke,"US","USD","1.99",,"1",,,1533-wk9dp
Revise,"CCG Individual Cards (183454)","306902420851",SWSH01: Sword & Shield Base Set #040/202 Shellder,"US","USD","1.49",,"1",,,1535-wk9dy
Revise,"CCG Individual Cards (183454)","306902420852",SWSH01: Sword & Shield Base Set #054/202 Sobble (054),"US","USD","1.49",,"1",,,1534-wk9du
Revise,"CCG Individual Cards (183454)","306902420858",SWSH01: Sword & Shield Base Set #063/202 Snom,"US","USD","1.49",,"1",,,1536-wk9e3
Revise,"CCG Individual Cards (183454)","306902420862",SM - Lost Thunder #5/214 Chikorita (5),"US","USD","1.99",,"1",,,1537-wk9e9
Revise,"CCG Individual Cards (183454)","306902420863",SM - Lost Thunder #3/214 Scyther,"US","USD","1.99",,"1",,,1538-wk9ec
Revise,"CCG Individual Cards (183454)","306902420868",SM - Lost Thunder #10/214 Ariados,"US","USD","1.99",,"1",,,1539-wk9ee
Revise,"CCG Individual Cards (183454)","306902420872",SM - Lost Thunder #12/214 Hoppip (12),"US","USD","1.49",,"1",,,1540-wk9ef
Revise,"CCG Individual Cards (183454)","306902420878",SM - Crimson Invasion #7/111 Karrablast,"US","USD","1.49",,"1",,,1541-wk9eh
Revise,"CCG Individual Cards (183454)","306902420887",SM - Crimson Invasion #81/111 Starly,"US","USD","1.49",,"1",,,1543-wk9ej
Revise,"CCG Individual Cards (183454)","306902420892",SWSH01: Sword & Shield Base Set #043/202 Krabby (043),"US","USD","1.49",,"1",,,1544-wk9ek
Revise,"CCG Individual Cards (183454)","306902420893",SM - Crimson Invasion #10/111 Skiddo,"US","USD","1.99",,"1",,,1542-wk9ei
Revise,"CCG Individual Cards (183454)","306902420895",SWSH01: Sword & Shield Base Set #161/202 Energy Search,"US","USD","1.49",,"1",,,1546-wk9en
Revise,"CCG Individual Cards (183454)","306902420901",SWSH01: Sword & Shield Base Set #181/202 Rotom Bike,"US","USD","1.49",,"1",,,1545-wk9el
Revise,"CCG Individual Cards (183454)","306902420903",SM - Cosmic Eclipse #188/236 Clay,"US","USD","1.99",,"1",,,1547-wk9eo
Revise,"CCG Individual Cards (183454)","306902420914",SM - Cosmic Eclipse #50/236 Spheal,"US","USD","1.99",,"1",,,1548-wk9ep
Revise,"CCG Individual Cards (183454)","306902420916",SWSH01: Sword & Shield Base Set #069/202 Lanturn,"US","USD","1.49",,"1",,,1549-wk9er
Revise,"CCG Individual Cards (183454)","306902420917",SWSH01: Sword & Shield Base Set #166/202 Hyper Potion,"US","USD","1.49",,"1",,,1550-wk9es
Revise,"CCG Individual Cards (183454)","306902420925",Legend Maker #49/92 Bellsprout,"US","USD","1.99",,"1",,,1553-wk9ew
Revise,"CCG Individual Cards (183454)","306902420934",SM - Unbroken Bonds #48/214 Goldeen,"US","USD","1.49",,"1",,,1556-wk9f2
Revise,"CCG Individual Cards (183454)","306902420936",XY - Fates Collide #74/124 Meowth,"US","USD","1.99",,"1",,,723-mu40z
Revise,"CCG Individual Cards (183454)","306902420938",XY - Evolutions #44/108 Nidorino,"US","USD","1.49",,"1",,,1557-wk9f6
Revise,"CCG Individual Cards (183454)","306902420980",SM - Cosmic Eclipse #171/236 Teddiursa,"US","USD","1.99",,"1",,,1554-wk9ex
Revise,"CCG Individual Cards (183454)","306902421320",SM - Cosmic Eclipse #2/236 Oddish,"US","USD","1.49",,"1",,,531-k9lm7
Revise,"CCG Individual Cards (183454)","306902421321",SWSH01: Sword & Shield Base Set #165/202 Hop Reverse Holo,"US","USD","1.99",,"1",,,1012-qj21g
Revise,"CCG Individual Cards (183454)","306902421322",Dragon Majesty #55/70 Kangaskhan,"US","USD","1.49",,"1",,,721-mu40w
Revise,"CCG Individual Cards (183454)","306902421323",SM - Team Up #107/181 Honedge,"US","USD","1.49",,"1",,,722-mu40y
Revise,"CCG Individual Cards (183454)","306902421324",SM - Cosmic Eclipse #15/236 Deerling,"US","USD","1.79",,"1",,,533-k9lmf
Revise,"CCG Individual Cards (183454)","306902421325",XY - Roaring Skies #50/108 Dragonair,"US","USD","1.79",,"1",,,535-k9lmn
Revise,"CCG Individual Cards (183454)","306902421326",SM - Unified Minds #204/236 Poke Maniac Reverse Holo,"US","USD","2.99",,"1",,,1011-qj213
Revise,"CCG Individual Cards (183454)","306907247367",XY - Roaring Skies #24/108 Electrike,"US","USD","1.99",,"1",,,1558-wqv3c
Revise,"CCG Individual Cards (183454)","306907247368",Shining Legends #30/73 Voltorb,"US","USD","1.49",,"1",,,1559-wqv3d
Revise,"CCG Individual Cards (183454)","306907247369",SWSH01: Sword & Shield Base Set #070/202 Joltik,"US","USD","1.49",,"1",,,1560-wqv3e
Revise,"CCG Individual Cards (183454)","306907247373",Mysterious Treasures #95/123 Remoraid,"US","USD","1.49",,"1",,,1564-wqv3i
Revise,"CCG Individual Cards (183454)","306907247377",SM - Ultra Prism #70/156 Passimian,"US","USD","1.49",,"1",,,1562-wqv3g
Revise,"CCG Individual Cards (183454)","306907247378",SM - Guardians Rising #40/145 Alolan Geodude,"US","USD","1.49",,"1",,,1566-wqv3k
Revise,"CCG Individual Cards (183454)","306907247381",SM - Burning Shadows #67/147 Rhyperior Reverse Holo,"US","USD","1.79",,"1",,,1570-wqv3p
Revise,"CCG Individual Cards (183454)","306907247385",SWSH01: Sword & Shield Base Set #046/202 Goldeen (046) Reverse Holo,"US","USD","1.49",,"1",,,1565-wqv3j
Revise,"CCG Individual Cards (183454)","306907247386",Great Encounters #95/106 Wingull,"US","USD","1.49",,"1",,,1580-wqv3z
Revise,"CCG Individual Cards (183454)","306907247387",XY - Roaring Skies #2/108 Exeggutor,"US","USD","1.49",,"1",,,1568-wqv3n
Revise,"CCG Individual Cards (183454)","306907247388",SWSH01: Sword & Shield Base Set #054/202 Sobble (054),"US","USD","1.49",,"1",,,1571-wqv3q
Revise,"CCG Individual Cards (183454)","306907247391",Fossil #38/62 Kingler,"US","USD","1.99",,"1",,,1575-wqv3u
Revise,"CCG Individual Cards (183454)","306907247392",Shining Legends #6/73 Carnivine,"US","USD","1.49",,"1",,,1569-wqv3o
Revise,"CCG Individual Cards (183454)","306907247395",SWSH01: Sword & Shield Base Set #077/202 Pincurchin,"US","USD","1.49",,"1",,,1573-wqv3s
Revise,"CCG Individual Cards (183454)","306907247396",SM - Crimson Invasion #19/111 Swinub,"US","USD","1.49",,"1",,,1577-wqv3w
Revise,"CCG Individual Cards (183454)","306907247397",SWSH01: Sword & Shield Base Set #042/202 Krabby (042),"US","USD","1.49",,"1",,,1578-wqv3x
Revise,"CCG Individual Cards (183454)","306907247399",Team Rocket #65/82 Psyduck,"US","USD","2.49",,"1",,,1574-wqv3t
Revise,"CCG Individual Cards (183454)","306907247400",XY - BREAKthrough #57/162 Dedenne,"US","USD","1.79",,"1",,,1582-wqv42
Revise,"CCG Individual Cards (183454)","306907247402",Mysterious Treasures #57/123 Octillery,"US","USD","1.79",,"1",,,1576-wqv3v
Revise,"CCG Individual Cards (183454)","306907247403",Shining Legends #21/73 Qwilfish,"US","USD","1.79",,"1",,,1581-wqv40
Revise,"CCG Individual Cards (183454)","306924953609",SWSH04: Vivid Voltage #108/185 Krokorok,"US","USD","1.49",,"1",,,1585-xbawa
Revise,"CCG Individual Cards (183454)","306924953612",SWSH04: Vivid Voltage #107/185 Sandile,"US","USD","1.99",,"1",,,1586-xbawc
Revise,"CCG Individual Cards (183454)","306924953627",SWSH01: Sword & Shield Base Set #033/202 Raboot (033),"US","USD","2.79",,"1",,,1592-xbawy
Revise,"CCG Individual Cards (183454)","306924953641",SWSH01: Sword & Shield Base Set #031/202 Scorbunny (031),"US","USD","1.49",,"1",,,1593-xbax2
Revise,"CCG Individual Cards (183454)","306924953644",SM - Unbroken Bonds #28/214 Torracat,"US","USD","1.99",,"1",,,1589-xbawm
Revise,"CCG Individual Cards (183454)","306924953646",SWSH04: Vivid Voltage #023/185 Charmander,"US","USD","1.79",,"1",,,1595-xbax9
Revise,"CCG Individual Cards (183454)","306924953657",XY - Evolutions #9/108 Charmander,"US","USD","1.99",,"1",,,1596-xbaxe
Revise,"CCG Individual Cards (183454)","306924953660",SWSH04: Vivid Voltage #109/185 Krookodile,"US","USD","1.49",,"1",,,1584-xbaw4
Revise,"CCG Individual Cards (183454)","306924953679",SWSH04: Vivid Voltage #028/185 Magcargo,"US","USD","1.49",,"1",,,1594-xbax5
Revise,"CCG Individual Cards (183454)","306924953693",SM - Unbroken Bonds #26/214 Litten (26),"US","USD","2.99",,"1",,,1588-xbawj
Revise,"CCG Individual Cards (183454)","306924953701",SM - Unbroken Bonds #9/214 Venonat (9),"US","USD","1.99",,"1",,,1605-xbayf
Revise,"CCG Individual Cards (183454)","306924953719",SM - Unbroken Bonds #3/214 Metapod,"US","USD","1.99",,"1",,,1609-xbayv
Revise,"CCG Individual Cards (183454)","306924953732",XY - Evolutions #10/108 Charmeleon,"US","USD","1.99",,"1",,,1597-xbaxi
Revise,"CCG Individual Cards (183454)","306924953734",XY - Evolutions #14/108 Vulpix,"US","USD","1.49",,"1",,,1599-xbaxp
Revise,"CCG Individual Cards (183454)","306924953735",SM - Unbroken Bonds #23/214 Darumaka,"US","USD","1.99",,"1",,,1590-xbawq
Revise,"CCG Individual Cards (183454)","306924953736",SWSH02: Rebel Clash #024/192 Vulpix,"US","USD","1.99",,"1",,,1601-xbaxx
Revise,"CCG Individual Cards (183454)","306924953737",SM - Unbroken Bonds #7/214 Gloom,"US","USD","1.99",,"1",,,1611-xbaz1
Revise,"CCG Individual Cards (183454)","306924953738",SM - Unbroken Bonds #14/214 Weepinbell,"US","USD","1.49",,"1",,,1612-xbaz5
Revise,"CCG Individual Cards (183454)","306924953745",XY - Evolutions #17/108 Growlithe,"US","USD","1.49",,"1",,,1598-xbaxm
Revise,"CCG Individual Cards (183454)","306924953748",SM - Unbroken Bonds #7/214 Gloom,"US","USD","1.99",,"1",,,1607-xbayn
Revise,"CCG Individual Cards (183454)","306924953755",SWSH02: Rebel Clash #027/192 Growlithe,"US","USD","1.99",,"1",,,1603-xbay6
Revise,"CCG Individual Cards (183454)","306924953759",XY - Evolutions #19/108 Ponyta,"US","USD","1.79",,"1",,,1600-xbaxt
Revise,"CCG Individual Cards (183454)","306924953775",SWSH02: Rebel Clash #032/192 Lampent,"US","USD","1.49",,"1",,,1604-xbayb
Revise,"CCG Individual Cards (183454)","306924953781",SM - Unbroken Bonds #13/214 Bellsprout,"US","USD","1.49",,"1",,,1610-xbayy
Revise,"CCG Individual Cards (183454)","306924953788",SWSH01: Sword & Shield Base Set #010/202 Grookey (010),"US","USD","1.49",,"1",,,1614-xbazi
Revise,"CCG Individual Cards (183454)","306924953789",SWSH11: Lost Origin #100/196 Medicham,"US","USD","1.49",,"1",,,1627-xbb1y
Revise,"CCG Individual Cards (183454)","306924953792",SM - Unbroken Bonds #16/214 Tangela,"US","USD","1.99",,"1",,,1606-xbayj
Revise,"CCG Individual Cards (183454)","306924953793",Miscellaneous Cards & Products #038/132 Clawitzer (Cosmos Holo),"US","USD","1.99",,"1",,,1620-xbb0r
Revise,"CCG Individual Cards (183454)","306924953794",SWSH11: Lost Origin #152/196 Arc Phone,"US","USD","1.49",,"1",,,1626-xbb1u
Revise,"CCG Individual Cards (183454)","306924953796",SWSH04: Vivid Voltage #063/185 Clefairy,"US","USD","1.99",,"1",,,1619-xbb0j
Revise,"CCG Individual Cards (183454)","306924953799",SWSH04: Vivid Voltage #001/185 Weedle,"US","USD","1.49",,"1",,,1617-xbb02
Revise,"CCG Individual Cards (183454)","306924953803",SWSH10: Astral Radiance #089/189 Hisuian Qwilfish (89),"US","USD","1.49",,"1",,,1631-xbb2m
Revise,"CCG Individual Cards (183454)","306924953807",SWSH10: Astral Radiance #019/189 Rowlet,"US","USD","1.99",,"1",,,1630-xbb2g
Revise,"CCG Individual Cards (183454)","306924953809",SWSH04: Vivid Voltage #011/185 Nuzleaf,"US","USD","1.49",,"1",,,1616-xbazw
Revise,"CCG Individual Cards (183454)","306924953810",SWSH04: Vivid Voltage #027/185 Slugma,"US","USD","1.49",,"1",,,1602-xbay2
Revise,"CCG Individual Cards (183454)","306924953815",SWSH04: Vivid Voltage #091/185 Drilbur,"US","USD","1.99",,"1",,,1621-xbb0y
Revise,"CCG Individual Cards (183454)","306924953821",SWSH11: Lost Origin #164/196 Miss Fortune Sisters,"US","USD","1.99",,"1",,,1628-xbb22
Revise,"CCG Individual Cards (183454)","306924953822",SWSH10: Astral Radiance #064/189 Drifblim,"US","USD","1.49",,"1",,,1636-xbb3k
Revise,"CCG Individual Cards (183454)","306924953825",SWSH10: Astral Radiance #041/189 Oshawott,"US","USD","1.49",,"1",,,1640-xbb4l
Revise,"CCG Individual Cards (183454)","306924953826",SWSH10: Astral Radiance #041/189 Oshawott,"US","USD","1.49",,"1",,,1632-xbb2t
Revise,"CCG Individual Cards (183454)","306924953832",SWSH10: Astral Radiance #120/189 Hoothoot,"US","USD","1.99",,"1",,,1633-xbb2y
Revise,"CCG Individual Cards (183454)","306924953835",SWSH04: Vivid Voltage #019/185 Dhelmise,"US","USD","1.49",,"1",,,1618-xbb08
Revise,"CCG Individual Cards (183454)","306924953843",SWSH04: Vivid Voltage #045/185 Voltorb,"US","USD","1.49",,"1",,,1623-xbb1b
Revise,"CCG Individual Cards (183454)","306924953851",SWSH01: Sword & Shield Base Set #018/202 Dottler,"US","USD","1.49",,"1",,,1613-xbazb
Revise,"CCG Individual Cards (183454)","306924953856",SWSH04: Vivid Voltage #001/185 Weedle,"US","USD","1.49",,"1",,,1622-xbb14
Revise,"CCG Individual Cards (183454)","306924953858",SWSH05: Battle Styles #026/163 Heatmor,"US","USD","1.49",,"1",,,1642-xbb4u
Revise,"CCG Individual Cards (183454)","306924953862",SWSH10: Astral Radiance #021/189 Ponyta,"US","USD","1.49",,"1",,,1637-xbb3t
Revise,"CCG Individual Cards (183454)","306924953863",SWSH03: Darkness Ablaze #122/189 Lairon,"US","USD","1.49",,"1",,,1625-xbb1r
Revise,"CCG Individual Cards (183454)","306924953864",SWSH10: Astral Radiance #051/189 Regieleki,"US","USD","2.49",,"1",,,1634-xbb31
Revise,"CCG Individual Cards (183454)","306924953868",SWSH03: Darkness Ablaze #169/189 Rose Tower,"US","USD","1.99",,"1",,,1624-xbb1h
Revise,"CCG Individual Cards (183454)","306924953869",SWSH08: Fusion Strike #147/264 Drilbur,"US","USD","1.49",,"1",,,1648-xbb5y
Revise,"CCG Individual Cards (183454)","306924953870",SWSH08: Fusion Strike #001/264 Caterpie,"US","USD","1.49",,"1",,,1647-xbb5r
Revise,"CCG Individual Cards (183454)","306924953875",SWSH10: Astral Radiance #020/189 Dartrix,"US","USD","1.49",,"1",,,1635-xbb39
Revise,"CCG Individual Cards (183454)","306924953876",SWSH08: Fusion Strike #005/264 Breloom,"US","USD","1.49",,"1",,,1652-xbb6n
Revise,"CCG Individual Cards (183454)","306924953879",SWSH06: Chilling Reign #111/198 Aggron,"US","USD","1.49",,"1",,,1653-xbb6r
Revise,"CCG Individual Cards (183454)","306924953880",SWSH08: Fusion Strike #190/264 Corviknight,"US","USD","1.49",,"1",,,1655-xbb74
Revise,"CCG Individual Cards (183454)","306924953888",SWSH10: Astral Radiance #019/189 Rowlet,"US","USD","1.99",,"1",,,1638-xbb43
Revise,"CCG Individual Cards (183454)","306924953893",SV10: Destined Rivals #078/182 Zeraora Holo,"US","USD","1.99",,"1",,,1663-xbb8i
Revise,"CCG Individual Cards (183454)","306924953894",SWSH10: Astral Radiance #088/189 Hisuian Qwilfish (88),"US","USD","1.49",,"1",,,1629-xbb29
Revise,"CCG Individual Cards (183454)","306924953896",SWSH08: Fusion Strike #095/264 Tynamo,"US","USD","1.99",,"1",,,1644-xbb56
Revise,"CCG Individual Cards (183454)","306924953900",SV10: Destined Rivals #013/182 Fomantis Reverse Holo,"US","USD","1.49",,"1",,,1662-xbb8c
Revise,"CCG Individual Cards (183454)","306924953903",SWSH01: Sword & Shield Base Set #007/202 Maractus,"US","USD","1.49",,"1",,,1615-xbazo
Revise,"CCG Individual Cards (183454)","306924953909",SM - Unified Minds #192/236 Coach Trainer,"US","USD","2.49",,"1",,,1660-xbb7z
Revise,"CCG Individual Cards (183454)","306924953910",SV: Prismatic Evolutions #038/131 Spritzee Reverse Holo,"US","USD","1.49",,"1",,,1664-xbb8m
Revise,"CCG Individual Cards (183454)","306924953921",SWSH05: Battle Styles #123/163 Cheryl,"US","USD","1.49",,"1",,,1641-xbb4r
Revise,"CCG Individual Cards (183454)","306924953923",XY - Evolutions #23/108 Poliwag,"US","USD","1.49",,"1",,,1666-xbb8t
Revise,"CCG Individual Cards (183454)","306924953927",SV: Prismatic Evolutions #018/131 Slowpoke Reverse Holo,"US","USD","2.49",,"1",,,1665-xbb8q
Revise,"CCG Individual Cards (183454)","306924953933",SWSH08: Fusion Strike #213/264 Lopunny,"US","USD","1.49",,"1",,,1650-xbb6c
Revise,"CCG Individual Cards (183454)","306924953943",SWSH08: Fusion Strike #050/264 Shellder,"US","USD","1.49",,"1",,,1646-xbb5k
Revise,"CCG Individual Cards (183454)","306924953944",SWSH05: Battle Styles #002/163 Weepinbell,"US","USD","1.49",,"1",,,1643-xbb50
Revise,"CCG Individual Cards (183454)","306924953950",SWSH08: Fusion Strike #170/264 Zorua,"US","USD","1.49",,"1",,,1645-xbb5c
Revise,"CCG Individual Cards (183454)","306924953951",XY - Evolutions #68/108 Farfetch'd,"US","USD","1.49",,"1",,,1671-xbb9p
Revise,"CCG Individual Cards (183454)","306924953954",SWSH10: Astral Radiance #111/189 Bronzor,"US","USD","1.49",,"1",,,1639-xbb4b
Revise,"CCG Individual Cards (183454)","306924953958",SM - Celestial Storm #140/168 PokeNav,"US","USD","1.99",,"1",,,1661-xbb85
Revise,"CCG Individual Cards (183454)","306924953962",SWSH07: Evolving Skies #128/203 Smeargle,"US","USD","1.49",,"1",,,1654-xbb6y
Revise,"CCG Individual Cards (183454)","306924953966",XY - Evolutions #14/108 Vulpix,"US","USD","1.49",,"1",,,1680-xbbax
Revise,"CCG Individual Cards (183454)","306924953968",XY - Evolutions #80/108 Misty's Determination,"US","USD","1.49",,"1",,,1679-xbbat
Revise,"CCG Individual Cards (183454)","306924953971",SWSH08: Fusion Strike #143/264 Hariyama,"US","USD","1.49",,"1",,,1651-xbb6h
Revise,"CCG Individual Cards (183454)","306924953972",XY - Evolutions #3/108 Caterpie,"US","USD","1.49",,"1",,,1674-xbba6
Revise,"CCG Individual Cards (183454)","306924953973",SWSH08: Fusion Strike #164/264 Absol,"US","USD","1.49",,"1",,,1649-xbb65
Revise,"CCG Individual Cards (183454)","306924953974",SWSH05: Battle Styles #132/163 Rapid Strike Style Mustard,"US","USD","1.49",,"1",,,1658-xbb7p
Revise,"CCG Individual Cards (183454)","306924953977",XY - Evolutions #69/108 Doduo,"US","USD","1.49",,"1",,,1685-xbbbh
Revise,"CCG Individual Cards (183454)","306924953978",XY - Evolutions #79/108 Maintenance,"US","USD","1.49",,"1",,,1678-xbbao
Revise,"CCG Individual Cards (183454)","306924953979",XY - Evolutions #76/108 Devolution Spray,"US","USD","1.49",,"1",,,1672-xbb9v
Revise,"CCG Individual Cards (183454)","306924953980",XY - Evolutions #77/108 Energy Retrieval,"US","USD","1.49",,"1",,,1683-xbbb9
Revise,"CCG Individual Cards (183454)","306924953986",XY - Evolutions #23/108 Poliwag,"US","USD","1.49",,"1",,,1667-xbb8x
Revise,"CCG Individual Cards (183454)","306924954000",XY - Evolutions #35/108 Pikachu,"US","USD","2.99",,"1",,,1668-xbb93
Revise,"CCG Individual Cards (183454)","306924954003",XY - Evolutions #39/108 Voltorb,"US","USD","1.49",,"1",,,1676-xbbab
Revise,"CCG Individual Cards (183454)","306924954004",SWSH05: Battle Styles #134/163 Single Strike Style Mustard,"US","USD","1.49",,"1",,,1659-xbb7v
Revise,"CCG Individual Cards (183454)","306924954013",XY - Evolutions #55/108 Diglett,"US","USD","1.49",,"1",,,1684-xbbbd
Revise,"CCG Individual Cards (183454)","306924954017",XY - Evolutions #19/108 Ponyta,"US","USD","1.49",,"1",,,1669-xbb9a
Revise,"CCG Individual Cards (183454)","306924954018",XY - Evolutions #48/108 Haunter,"US","USD","1.49",,"1",,,1682-xbbb5
Revise,"CCG Individual Cards (183454)","306924954020",SWSH08: Fusion Strike #154/264 Falinks (154),"US","USD","1.49",,"1",,,1657-xbb7h
Revise,"CCG Individual Cards (183454)","306924954029",XY - Evolutions #54/108 Sandshrew,"US","USD","1.49",,"1",,,1677-xbbah
Revise,"CCG Individual Cards (183454)","306924954046",XY - Evolutions #43/108 Nidoran M,"US","USD","1.49",,"1",,,1670-xbb9i
Revise,"CCG Individual Cards (183454)","306924954058",XY - Evolutions #33/108 Magikarp,"US","USD","1.49",,"1",,,1681-xbbb1
Revise,"CCG Individual Cards (183454)","306924954101",XY - Evolutions #37/108 Magnemite,"US","USD","1.49",,"1",,,1675-xbba8
Revise,"CCG Individual Cards (183454)","306924954133",XY - Evolutions #86/108 Slowbro Spirit Link,"US","USD","1.49",,"1",,,1673-xbba2
Revise,"CCG Individual Cards (183454)","306927080356",XY - Evolutions #54/108 Sandshrew,"US","USD","1.49",,"1",,,1688-xdqdu
Revise,"CCG Individual Cards (183454)","306927080360",XY - Evolutions #28/108 Seel,"US","USD","1.49",,"1",,,1686-xdqdr
Revise,"CCG Individual Cards (183454)","306927080363",Team Rocket #56/82 Ekans,"US","USD","1.99",,"1",,,1689-xdqdw
Revise,"CCG Individual Cards (183454)","306927080381",Great Encounters #85/106 Solrock,"US","USD","1.49",,"1",,,1691-xdqe4
Revise,"CCG Individual Cards (183454)","306927080383",SWSH03: Darkness Ablaze #065/189 Dracozolt,"US","USD","1.49",,"1",,,1692-xdqe7
Revise,"CCG Individual Cards (183454)","306927080395",Great Encounters #75/106 Krabby,"US","USD","1.49",,"1",,,1695-xdqef
Revise,"CCG Individual Cards (183454)","306927080396",XY - Evolutions #37/108 Magnemite,"US","USD","1.49",,"1",,,1693-xdqe9
Revise,"CCG Individual Cards (183454)","306927080406",SM - Guardians Rising #40/145 Alolan Geodude Reverse Holo,"US","USD","1.49",,"1",,,1694-xdqed
Revise,"CCG Individual Cards (183454)","306927080414",Majestic Dawn #73/100 Shellos East Sea,"US","USD","1.49",,"1",,,1696-xdqej
Revise,"CCG Individual Cards (183454)","306927080417",Majestic Dawn #74/100 Spearow,"US","USD","1.49",,"1",,,1697-xdqel
Revise,"CCG Individual Cards (183454)","306927080425",Rising Rivals #59/111 Eevee,"US","USD","1.99",,"1",,,1698-xdqeq
Revise,"CCG Individual Cards (183454)","306927080430",Mysterious Treasures #62/123 Sealeo,"US","USD","1.49",,"1",,,1700-xdqey
Revise,"CCG Individual Cards (183454)","306927080433",Jungle #47/64 Tauros,"US","USD","1.99",,"1",,,1701-xdqf4
Revise,"CCG Individual Cards (183454)","306927080438",XY - Evolutions #40/108 Electrode,"US","USD","1.49",,"1",,,1702-xdqf9
Revise,"CCG Individual Cards (183454)","306927080444",SM - Cosmic Eclipse #177/236 Rufflet,"US","USD","1.49",,"1",,,1704-xdqfd
Revise,"CCG Individual Cards (183454)","306927080452",Shining Legends #19/73 Croconaw,"US","USD","1.99",,"1",,,1706-xdqfh
Revise,"CCG Individual Cards (183454)","306927080461",Team Rocket #49/82 Abra,"US","USD","1.49",,"1",,,1708-xdqfl
Revise,"CCG Individual Cards (183454)","306927080463",SM - Guardians Rising #27/145 Carvanha,"US","USD","1.49",,"1",,,1709-xdqfm
Revise,"CCG Individual Cards (183454)","306927080467",SWSH10: Astral Radiance #144/189 Grant,"US","USD","1.49",,"1",,,1712-xdqfq
Revise,"CCG Individual Cards (183454)","306927080468",XY - BREAKthrough #115/162 Doduo (115),"US","USD","1.49",,"1",,,1707-xdqfk
Revise,"CCG Individual Cards (183454)","306927080471",SM - Ultra Prism #34/156 Empoleon,"US","USD","1.99",,"1",,,1713-xdqft
Revise,"CCG Individual Cards (183454)","306927080472",Hidden Fates #53/68 Brock's Grit,"US","USD","1.49",,"1",,,1710-xdqfo
Revise,"CCG Individual Cards (183454)","306935111682",SWSH08: Fusion Strike #078/264 Inteleon V,"US","USD","1.49",,"1",,,1717-xoum1
Revise,"CCG Individual Cards (183454)","306935111685",SWSH08: Fusion Strike #158/264 Tyranitar V,"US","USD","1.99",,"1",,,1714-xouly
Revise,"CCG Individual Cards (183454)","306935111687",SWSH11: Lost Origin #130/196 Giratina V,"US","USD","3.49",,"1",,,1716-xoum0
Revise,"CCG Individual Cards (183454)","306935111688",SV07: Stellar Crown #105/142 Melmetal ex,"US","USD","3.99",,"1",,,1722-xoum7
Revise,"CCG Individual Cards (183454)","306935111689",SV03: Obsidian Flames #216/197 Revavroom ex,"US","USD","2.49",,"1",,,1721-xoum5
Revise,"CCG Individual Cards (183454)","306935111690",SWSH12: Silver Tempest #135/195 Regidrago V,"US","USD","2.99",,"1",,,1715-xoulz
Revise,"CCG Individual Cards (183454)","306935111691",SV05: Temporal Forces #034/162 Incineroar ex,"US","USD","1.99",,"1",,,1729-xoump
Revise,"CCG Individual Cards (183454)","306935111692",SV03: Obsidian Flames #135/197 Absol ex,"US","USD","2.99",,"1",,,1728-xoumo
Revise,"CCG Individual Cards (183454)","306935111695",SV05: Temporal Forces #194/162 Farigiraf ex,"US","USD","3.99",,"1",,,1724-xoume
Revise,"CCG Individual Cards (183454)","306935111698",SV08: Surging Sparks #068/191 Kilowattrel ex,"US","USD","1.49",,"1",,,1732-xoums
Revise,"CCG Individual Cards (183454)","306935111699",SV08: Surging Sparks #076/191 Latias ex,"US","USD","4.99",,"1",,,1720-xoum4
Revise,"CCG Individual Cards (183454)","306935111701",SV07: Stellar Crown #089/142 Garganacl ex,"US","USD","1.99",,"1",,,1719-xoum3
Revise,"CCG Individual Cards (183454)","306935111702",SV: Scarlet & Violet Promo Cards #128 Iron Leaves ex,"US","USD","1.99",,"1",,,1727-xoumm
Revise,"CCG Individual Cards (183454)","306935111703",SV05: Temporal Forces #120/162 Koraidon ex,"US","USD","1.99",,"1",,,1726-xoumj
Revise,"CCG Individual Cards (183454)","306935111704",SM - Crimson Invasion #89/111 Type: Null Reverse Holo,"US","USD","2.99",,"1",,,1737-xoumz
Revise,"CCG Individual Cards (183454)","306935111705",SM - Crimson Invasion #1/111 Weedle Reverse Holo,"US","USD","1.99",,"1",,,1735-xoumv
Revise,"CCG Individual Cards (183454)","306935111706",SV09: Journey Together #098/159 N's Zoroark ex,"US","USD","1.99",,"1",,,1734-xoumu
Revise,"CCG Individual Cards (183454)","306935111707",SV01: Scarlet & Violet Base Set #081/198 Miraidon ex,"US","USD","1.99",,"1",,,1731-xoumr
Revise,"CCG Individual Cards (183454)","306935111708",SV02: Paldea Evolved #169/193 Squawkabilly ex,"US","USD","1.99",,"1",,,1725-xoumg
Revise,"CCG Individual Cards (183454)","306935111709",SV: Scarlet & Violet Promo Cards #180 Dialga ex,"US","USD","2.99",,"1",,,1736-xoumx
Revise,"CCG Individual Cards (183454)","306935111712",SV03: Obsidian Flames #134/197 Houndoom ex,"US","USD","1.99",,"1",,,1730-xoumq
Revise,"CCG Individual Cards (183454)","306947396771",SWSH02: Rebel Clash #031/192 Litwick,"US","USD","1.49",,"1",,,1743-y3rut
Revise,"CCG Individual Cards (183454)","306947396779",SM - Unbroken Bonds #136/214 Togepi,"US","USD","1.99",,"1",,,1739-y3run
Revise,"CCG Individual Cards (183454)","306947396781",SWSH03: Darkness Ablaze #031/189 Fletchinder,"US","USD","1.49",,"1",,,1744-y3ruu
Revise,"CCG Individual Cards (183454)","306947396786",SM - Crimson Invasion #71/111 Jigglypuff,"US","USD","1.49",,"1",,,1741-y3ruq
Revise,"CCG Individual Cards (183454)","306947396796",SM - Lost Thunder #45/214 Houndour,"US","USD","1.99",,"1",,,1745-y3ruv
Revise,"CCG Individual Cards (183454)","306947396806",SM - Lost Thunder #140/214 Kirlia,"US","USD","1.99",,"1",,,1740-y3rup
Revise,"CCG Individual Cards (183454)","306947396813",SM - Lost Thunder #145/214 Cutiefly,"US","USD","1.49",,"1",,,1742-y3rur
Revise,"CCG Individual Cards (183454)","306947396837",SM - Crimson Invasion #13/111 Numel,"US","USD","1.49",,"1",,,1748-y3ruz
Revise,"CCG Individual Cards (183454)","306947396881",SM - Unified Minds #21/236 Magmar,"US","USD","1.49",,"1",,,1747-y3ruy
Revise,"CCG Individual Cards (183454)","306947396893",SWSH01: Sword & Shield Base Set #031/202 Scorbunny (031),"US","USD","1.49",,"1",,,1749-y3rv0
Revise,"CCG Individual Cards (183454)","306947396946",SM - Cosmic Eclipse #23/236 Ponyta,"US","USD","1.49",,"1",,,1752-y3rv4
Revise,"CCG Individual Cards (183454)","306947396960",SWSH03: Darkness Ablaze #029/189 Larvesta,"US","USD","1.49",,"1",,,1750-y3rv2
Revise,"CCG Individual Cards (183454)","306947396987",SM - Lost Thunder #50/214 Litleo,"US","USD","1.49",,"1",,,1753-y3rv5
Revise,"CCG Individual Cards (183454)","306947396997",SWSH04: Vivid Voltage #007/185 Yanmega,"US","USD","1.49",,"1",,,1754-y3rv7
Revise,"CCG Individual Cards (183454)","306947397017",SM - Unified Minds #31/236 Fletchinder,"US","USD","1.49",,"1",,,1751-y3rv3
Revise,"CCG Individual Cards (183454)","306947397019",SWSH04: Vivid Voltage #005/185 Exeggutor,"US","USD","1.49",,"1",,,1756-y3rv9
Revise,"CCG Individual Cards (183454)","306947397030",SWSH04: Vivid Voltage #017/185 Skiddo,"US","USD","1.49",,"1",,,1757-y3rvb
Revise,"CCG Individual Cards (183454)","306947397031",SWSH04: Vivid Voltage #010/185 Seedot,"US","USD","1.49",,"1",,,1758-y3rvc
Revise,"CCG Individual Cards (183454)","306947397050",SWSH04: Vivid Voltage #004/185 Exeggcute,"US","USD","1.49",,"1",,,1759-y3rvd
Revise,"CCG Individual Cards (183454)","306947397102",SWSH04: Vivid Voltage #001/185 Weedle,"US","USD","1.49",,"1",,,1761-y3rvf
Revise,"CCG Individual Cards (183454)","306947397104",SWSH04: Vivid Voltage #011/185 Nuzleaf,"US","USD","1.49",,"1",,,1760-y3rve
Revise,"CCG Individual Cards (183454)","306947397111",SWSH01: Sword & Shield Base Set #004/202 Roserade,"US","USD","1.49",,"1",,,1755-y3rv8
Revise,"CCG Individual Cards (183454)","306947397181",SWSH04: Vivid Voltage #017/185 Skiddo,"US","USD","1.49",,"1",,,1762-y3rvh
Revise,"CCG Individual Cards (183454)","306947397205",SWSH04: Vivid Voltage #013/185 Nincada,"US","USD","1.49",,"1",,,1764-y3rvj
Revise,"CCG Individual Cards (183454)","306947397217",SWSH04: Vivid Voltage #004/185 Exeggcute,"US","USD","1.49",,"1",,,1763-y3rvi
Revise,"CCG Individual Cards (183454)","306947397241",SWSH04: Vivid Voltage #088/185 Hitmontop,"US","USD","1.49",,"1",,,1768-y3rvo
Revise,"CCG Individual Cards (183454)","306947397247",SWSH04: Vivid Voltage #083/185 Wooper,"US","USD","1.49",,"1",,,1766-y3rvl
Revise,"CCG Individual Cards (183454)","306947397273",SWSH04: Vivid Voltage #094/185 Rockruff,"US","USD","1.49",,"1",,,1767-y3rvn
Revise,"CCG Individual Cards (183454)","306947397355",SM - Unbroken Bonds #5/214 Oddish (5),"US","USD","2.49",,"1",,,1765-y3rvk
Revise,"CCG Individual Cards (183454)","306947397357",SWSH02: Rebel Clash #097/192 Meditite,"US","USD","1.49",,"1",,,1771-y3rvs
Revise,"CCG Individual Cards (183454)","306947397376",SWSH04: Vivid Voltage #100/185 Clobbopus,"US","USD","1.49",,"1",,,1773-y3rvv
Revise,"CCG Individual Cards (183454)","306947397404",SWSH04: Vivid Voltage #086/185 Phanpy,"US","USD","1.99",,"1",,,1769-y3rvp
Revise,"CCG Individual Cards (183454)","306947397409",SWSH04: Vivid Voltage #096/185 Mudbray,"US","USD","1.49",,"1",,,1770-y3rvr
Revise,"CCG Individual Cards (183454)","306947397417",SWSH04: Vivid Voltage #090/185 Riolu,"US","USD","1.49",,"1",,,1772-y3rvt
Revise,"CCG Individual Cards (183454)","306947397432",SWSH01: Sword & Shield Base Set #112/202 Clobbopus (112),"US","USD","1.49",,"1",,,1774-y3rvw
Revise,"CCG Individual Cards (183454)","306947397456",SM - Unbroken Bonds #96/214 Wooper,"US","USD","2.99",,"1",,,1776-y3rvy
Revise,"CCG Individual Cards (183454)","306947397459",SM - Unbroken Bonds #93/214 Rhyhorn (93),"US","USD","1.49",,"1",,,1775-y3rvx
Revise,"CCG Individual Cards (183454)","306947397467",SWSH01: Sword & Shield Base Set #098/202 Rhydon,"US","USD","1.49",,"1",,,1777-y3rw0
Revise,"CCG Individual Cards (183454)","306947397488",SWSH04: Vivid Voltage #091/185 Drilbur,"US","USD","1.99",,"1",,,1778-y3rw1
Revise,"CCG Individual Cards (183454)","306947397570",SM - Unbroken Bonds #99/214 Gliscor,"US","USD","1.49",,"1",,,1779-y3rw2
Revise,"CCG Individual Cards (183454)","306947397654",SWSH04: Vivid Voltage #065/185 Girafarig,"US","USD","1.49",,"1",,,1785-y3rwa
Revise,"CCG Individual Cards (183454)","306947397677",SM - Lost Thunder #95/214 Shedinja,"US","USD","1.99",,"1",,,1783-y3rw7
Revise,"CCG Individual Cards (183454)","306947397715",SWSH04: Vivid Voltage #067/185 Shuppet,"US","USD","1.49",,"1",,,1784-y3rw9
Revise,"CCG Individual Cards (183454)","306947397726",SWSH03: Darkness Ablaze #008/189 Karrablast,"US","USD","1.49",,"1",,,1786-y3rwb
Revise,"CCG Individual Cards (183454)","306947397767",SWSH02: Rebel Clash #004/192 Scyther,"US","USD","1.49",,"1",,,1789-y3rwg
Revise,"CCG Individual Cards (183454)","306947397775",SWSH02: Rebel Clash #014/192 Phantump,"US","USD","1.49",,"1",,,1787-y3rwc
Revise,"CCG Individual Cards (183454)","306947397783",SWSH02: Rebel Clash #007/192 Lotad,"US","USD","1.49",,"1",,,1788-y3rwe
Revise,"CCG Individual Cards (183454)","306947397803",SM - Unbroken Bonds #141/214 Spritzee,"US","USD","1.49",,"1",,,1792-y3rwj
Revise,"CCG Individual Cards (183454)","306947397827",SM - Crimson Invasion #62/111 Hydreigon,"US","USD","1.99",,"1",,,1790-y3rwh
Revise,"CCG Individual Cards (183454)","306947398124",SM - Lost Thunder #90/214 Unown (90),"US","USD","1.99",,"1",,,1782-y3rw6
Revise,"CCG Individual Cards (183454)","306954010605",SM - Lost Thunder #87/214 Natu,"US","USD","1.49",,"1",,,1794-ybmf2
Revise,"CCG Individual Cards (183454)","306954010623",FireRed & LeafGreen #78/112 Seel,"US","USD","1.49",,"1",,,1797-ybmf8
Revise,"CCG Individual Cards (183454)","306954010625",Hidden Legends #81/101 Vulpix,"US","USD","2.99",,"1",,,1799-ybmfb
Revise,"CCG Individual Cards (183454)","306954010626",Next Destinies #81/99 Persian,"US","USD","1.79",,"1",,,1800-ybmfd
Revise,"CCG Individual Cards (183454)","306954010636",SWSH01: Sword & Shield Base Set #092/202 Diglett,"US","USD","1.49",,"1",,,1803-ybmfj
Revise,"CCG Individual Cards (183454)","306954010638",SWSH01: Sword & Shield Base Set #056/202 Drizzile (056),"US","USD","1.49",,"1",,,1802-ybmfh
Revise,"CCG Individual Cards (183454)","306954010639",Crystal Guardians #52/100 Electrike,"US","USD","1.49",,"1",,,1811-ybmfu
Revise,"CCG Individual Cards (183454)","306954010640",SWSH01: Sword & Shield Base Set #130/202 Ferroseed,"US","USD","1.99",,"1",,,1807-ybmfp
Revise,"CCG Individual Cards (183454)","306954010641",SWSH01: Sword & Shield Base Set #048/202 Lapras,"US","USD","2.79",,"1",,,1805-ybmfm
Revise,"CCG Individual Cards (183454)","306954010642",SWSH01: Sword & Shield Base Set #183/202 Switch,"US","USD","1.49",,"1",,,1806-ybmfn
Revise,"CCG Individual Cards (183454)","306954010643",SWSH01: Sword & Shield Base Set #121/202 Skorupi,"US","USD","1.49",,"1",,,1804-ybmfk
Revise,"CCG Individual Cards (183454)","306954010644",SWSH01: Sword & Shield Base Set #150/202 Rookidee,"US","USD","1.49",,"1",,,1809-ybmfr
Revise,"CCG Individual Cards (183454)","306954010651",Legend Maker #53/92 Geodude,"US","USD","1.99",,"1",,,1813-ybmfx
Revise,"CCG Individual Cards (183454)","306954010652",Dragon Frontiers #68/101 Trapinch,"US","USD","1.99",,"1",,,1812-ybmfw
Revise,"CCG Individual Cards (183454)","306954010654",SWSH01: Sword & Shield Base Set #037/202 Sizzlipede (037),"US","USD","1.49",,"1",,,1810-ybmft
Revise,"CCG Individual Cards (183454)","306954010655",Diamond and Pearl #85/130 Hoothoot,"US","USD","1.49",,"1",,,1814-ybmfz
Revise,"CCG Individual Cards (183454)","306954010657",Delta Species #75/113 Makuhita,"US","USD","1.99",,"1",,,1816-ybmg2
Revise,"CCG Individual Cards (183454)","306954010658",SM - Lost Thunder #99/214 Yamask,"US","USD","1.49",,"1",,,1795-ybmf4
Revise,"CCG Individual Cards (183454)","306954010660",Emerald #43/106 Baltoy,"US","USD","3.99",,"1",,,1815-ybmg1
Revise,"CCG Individual Cards (183454)","306954010663",Emerging Powers #85/98 Cinccino,"US","USD","1.99",,"1",,,1823-ybmge
Revise,"CCG Individual Cards (183454)","306954010664",Legend Maker #50/92 Chinchou,"US","USD","1.99",,"1",,,1818-ybmg4
Revise,"CCG Individual Cards (183454)","306954010671",SM - Unified Minds #96/236 Mareanie,"US","USD","1.49",,"1",,,1796-ybmf6
Revise,"CCG Individual Cards (183454)","306954010684",XY - Ancient Origins #1/98 Oddish,"US","USD","1.99",,"1",,,1826-ybmgi
Revise,"CCG Individual Cards (183454)","306954010690",XY - Ancient Origins #79/98 Paint Roller,"US","USD","1.49",,"1",,,1828-ybmgm
Revise,"CCG Individual Cards (183454)","306954010691",XY - Ancient Origins #78/98 Lysandre,"US","USD","1.49",,"1",,,1827-ybmgk
Revise,"CCG Individual Cards (183454)","306954010692",Expedition #154/165 Full Heal,"US","USD","1.49",,"1",,,1825-ybmgh
Revise,"CCG Individual Cards (183454)","306954010695",XY - Ancient Origins #80/98 Sceptile Spirit Link,"US","USD","1.49",,"1",,,1829-ybmgn
Revise,"CCG Individual Cards (183454)","306954010706",XY - Ancient Origins #39/98 Quagsire,"US","USD","1.79",,"1",,,1831-ybmgs
Revise,"CCG Individual Cards (183454)","306954010709",XY - Ancient Origins #16/98 Larvesta,"US","USD","1.49",,"1",,,1830-ybmgp
Revise,"CCG Individual Cards (183454)","306954010710",XY - Ancient Origins #58/98 Goomy,"US","USD","1.49",,"1",,,1832-ybmgt
Revise,"CCG Individual Cards (183454)","306954010712",XY - Ancient Origins #31/98 Baltoy (31),"US","USD","1.49",,"1",,,1835-ybmgy
Revise,"CCG Individual Cards (183454)","306954010713",XY - Ancient Origins #19/98 Magikarp,"US","USD","1.99",,"1",,,1834-ybmgw
Revise,"CCG Individual Cards (183454)","306954010716",SWSH03: Darkness Ablaze #151/189 Fletchling,"US","USD","1.49",,"1",,,1837-ybmh4
Revise,"CCG Individual Cards (183454)","306954010717",XY - Ancient Origins #19/98 Magikarp,"US","USD","1.99",,"1",,,1833-ybmgv
Revise,"CCG Individual Cards (183454)","306954010724",SWSH03: Darkness Ablaze #058/189 Electrike,"US","USD","1.49",,"1",,,1836-ybmh0
Revise,"CCG Individual Cards (183454)","306954010754",SWSH01: Sword & Shield Base Set #002/202 Roselia (002),"US","USD","1.49",,"1",,,1842-ybmhe
Revise,"CCG Individual Cards (183454)","306954010770",SWSH01: Sword & Shield Base Set #011/202 Grookey (011),"US","USD","1.49",,"1",,,1838-ybmh6
Revise,"CCG Individual Cards (183454)","306954010779",SWSH01: Sword & Shield Base Set #153/202 Wooloo (153),"US","USD","1.99",,"1",,,1845-ybmhl
Revise,"CCG Individual Cards (183454)","306954010783",SWSH01: Sword & Shield Base Set #131/202 Ferrothorn,"US","USD","1.49",,"1",,,1841-ybmhd
Revise,"CCG Individual Cards (183454)","306954010784",SWSH01: Sword & Shield Base Set #026/202 Heatmor,"US","USD","1.49",,"1",,,1843-ybmhh
Revise,"CCG Individual Cards (183454)","306954010788",SV09: Journey Together #103/159 N's Klink Reverse Holo,"US","USD","1.49",,"1",,,1849-ybmhv
Revise,"CCG Individual Cards (183454)","306954010794",SV10: Destined Rivals #015/182 Team Rocket's Blipbug Reverse Holo,"US","USD","1.99",,"1",,,1850-ybmhx
Revise,"CCG Individual Cards (183454)","306954010796",SV10: Destined Rivals #077/182 Rotom Reverse Holo,"US","USD","1.99",,"1",,,1851-ybmi0
Revise,"CCG Individual Cards (183454)","306954010798",SWSH01: Sword & Shield Base Set #020/202 Gossifleur,"US","USD","1.49",,"1",,,1844-ybmhk
Revise,"CCG Individual Cards (183454)","306954010804",SV10: Destined Rivals #119/182 Team Rocket's Nidoking ex,"US","USD","1.99",,"1",,,1852-ybmi2
Revise,"CCG Individual Cards (183454)","306954010808",SV09: Journey Together #053/159 Iono's Bellibolt ex,"US","USD","1.79",,"1",,,1854-ybmi6
Revise,"CCG Individual Cards (183454)","306954010812",SV10: Destined Rivals #082/182 Team Rocket's Wobbuffet Reverse Holo,"US","USD","1.99",,"1",,,1855-ybmi8
Revise,"CCG Individual Cards (183454)","306954010816",SV10: Destined Rivals #025/182 Rabsca ex,"US","USD","1.49",,"1",,,1856-ybmi9
Revise,"CCG Individual Cards (183454)","306954010849",SWSH01: Sword & Shield Base Set #019/202 Orbeetle,"US","USD","1.49",,"1",,,1840-ybmhb
Revise,"CCG Individual Cards (183454)","306954010857",SWSH01: Sword & Shield Base Set #065/202 Pikachu,"US","USD","1.99",,"1",,,1846-ybmhn
Revise,"CCG Individual Cards (183454)","306954010867",SV05: Temporal Forces #030/162 Victini Reverse Holo,"US","USD","1.99",,"1",,,1847-ybmhr
Revise,"CCG Individual Cards (183454)","306958251413",SWSH04: Vivid Voltage #134/185 Swellow,"US","USD","1.49",,"1",,,1857-ygy5w
Revise,"CCG Individual Cards (183454)","306958251427",SWSH04: Vivid Voltage #144/185 Trumbeak,"US","USD","1.49",,"1",,,1858-ygy5x
Revise,"CCG Individual Cards (183454)","306958251438",SWSH04: Vivid Voltage #144/185 Trumbeak,"US","USD","1.49",,"1",,,1859-ygy5y
Revise,"CCG Individual Cards (183454)","306958251470",SWSH04: Vivid Voltage #144/185 Trumbeak,"US","USD","1.49",,"1",,,1860-ygy5z
Revise,"CCG Individual Cards (183454)","306958251483",SWSH04: Vivid Voltage #139/185 Chatot,"US","USD","1.49",,"1",,,1861-ygy60
Revise,"CCG Individual Cards (183454)","306958251512",SM - Unbroken Bonds #170/214 Energy Spinner,"US","USD","1.49",,"1",,,1866-ygy6a
Revise,"CCG Individual Cards (183454)","306958251515",SWSH04: Vivid Voltage #135/185 Whismur,"US","USD","1.49",,"1",,,1863-ygy64
Revise,"CCG Individual Cards (183454)","306958251516",SWSH04: Vivid Voltage #133/185 Taillow,"US","USD","1.99",,"1",,,1864-ygy66
Revise,"CCG Individual Cards (183454)","306958251517",SWSH04: Vivid Voltage #139/185 Chatot,"US","USD","1.49",,"1",,,1862-ygy62
Revise,"CCG Individual Cards (183454)","306958251527",XY - Evolutions #89/108 Venusaur Spirit Link,"US","USD","1.49",,"1",,,1868-ygy6d
Revise,"CCG Individual Cards (183454)","306958251529",XY - Evolutions #87/108 Super Potion,"US","USD","1.49",,"1",,,1869-ygy6g
Revise,"CCG Individual Cards (183454)","306958251538",SM - Unbroken Bonds #168/214 Dust Island,"US","USD","1.79",,"1",,,1865-ygy68
Revise,"CCG Individual Cards (183454)","306958251541",SWSH04: Vivid Voltage #151/185 Drone Rotom,"US","USD","1.49",,"1",,,1867-ygy6b
Revise,"CCG Individual Cards (183454)","306958251554",XY - Evolutions #87/108 Super Potion,"US","USD","1.49",,"1",,,1870-ygy6i
Revise,"CCG Individual Cards (183454)","306958251570",XY - Evolutions #89/108 Venusaur Spirit Link,"US","USD","1.49",,"1",,,1872-ygy6m
Revise,"CCG Individual Cards (183454)","306958251577",XY - Evolutions #89/108 Venusaur Spirit Link,"US","USD","1.49",,"1",,,1871-ygy6k
Revise,"CCG Individual Cards (183454)","306958251624",SM - Lost Thunder #5/214 Chikorita (5),"US","USD","2.99",,"1",,,1875-ygy6s
Revise,"CCG Individual Cards (183454)","306958251627",SM - Lost Thunder #23/214 Wurmple (23),"US","USD","1.99",,"1",,,1877-ygy6w
Revise,"CCG Individual Cards (183454)","306958251628",SM - Unified Minds #36/236 Lapras,"US","USD","2.99",,"1",,,1880-ygy72
Revise,"CCG Individual Cards (183454)","306958251635",SM - Lost Thunder #25/214 Silcoon,"US","USD","1.49",,"1",,,1876-ygy6u
Revise,"CCG Individual Cards (183454)","306958251637",SM - Lost Thunder #6/214 Chikorita (6),"US","USD","2.99",,"1",,,1874-ygy6q
Revise,"CCG Individual Cards (183454)","306958251642",SM - Lost Thunder #9/214 Spinarak,"US","USD","1.49",,"1",,,1873-ygy6o
Revise,"CCG Individual Cards (183454)","306958251660",SWSH04: Vivid Voltage #117/185 Metang,"US","USD","1.99",,"1",,,1886-ygy7f
Revise,"CCG Individual Cards (183454)","306958251671",SWSH03: Darkness Ablaze #003/189 Paras,"US","USD","1.49",,"1",,,1879-ygy70
Revise,"CCG Individual Cards (183454)","306958251681",SWSH03: Darkness Ablaze #004/189 Parasect,"US","USD","1.49",,"1",,,1881-ygy74
Revise,"CCG Individual Cards (183454)","306958251688",SWSH04: Vivid Voltage #114/185 Forretress,"US","USD","1.49",,"1",,,1883-ygy78
Revise,"CCG Individual Cards (183454)","306958251695",SWSH04: Vivid Voltage #112/185 Galarian Meowth,"US","USD","1.49",,"1",,,1887-ygy7h
Revise,"CCG Individual Cards (183454)","306958251697",SWSH03: Darkness Ablaze #014/189 Bounsweet,"US","USD","1.99",,"1",,,1878-ygy6y
Revise,"CCG Individual Cards (183454)","306958251711",SWSH04: Vivid Voltage #116/185 Beldum,"US","USD","1.99",,"1",,,1888-ygy7j
Revise,"CCG Individual Cards (183454)","306958251712",SWSH02: Rebel Clash #128/192 Scizor,"US","USD","1.99",,"1",,,1884-ygy7b
Revise,"CCG Individual Cards (183454)","306958251720",SWSH04: Vivid Voltage #123/185 Ferroseed,"US","USD","1.49",,"1",,,1885-ygy7d
Revise,"CCG Individual Cards (183454)","306958251724",SM - Lost Thunder #31/214 Combee,"US","USD","1.49",,"1",,,1890-ygy7n
Revise,"CCG Individual Cards (183454)","306958251732",SWSH04: Vivid Voltage #151/185 Drone Rotom,"US","USD","1.49",,"1",,,1882-ygy76
Revise,"CCG Individual Cards (183454)","306958251739",SM - Crimson Invasion #26/111 Feebas,"US","USD","1.49",,"1",,,1897-ygy81
Revise,"CCG Individual Cards (183454)","306958251745",SWSH04: Vivid Voltage #027/185 Slugma,"US","USD","1.49",,"1",,,1893-ygy7t
Revise,"CCG Individual Cards (183454)","306958251752",SM - Unified Minds #16/236 Lurantis,"US","USD","1.99",,"1",,,1892-ygy7r
Revise,"CCG Individual Cards (183454)","306958251754",SWSH04: Vivid Voltage #122/185 Excadrill,"US","USD","1.49",,"1",,,1889-ygy7l
Revise,"CCG Individual Cards (183454)","306958251760",SWSH03: Darkness Ablaze #012/189 Dartrix,"US","USD","1.49",,"1",,,1891-ygy7p
Revise,"CCG Individual Cards (183454)","306958251764",SWSH02: Rebel Clash #044/192 Tympole,"US","USD","1.49",,"1",,,1896-ygy7z
Revise,"CCG Individual Cards (183454)","306958251765",SM - Lost Thunder #38/214 Moltres,"US","USD","1.99",,"1",,,1894-ygy7v
Revise,"CCG Individual Cards (183454)","306958251768",SM - Unbroken Bonds #135/214 Wigglytuff,"US","USD","4.99",,"1",,,1901-ygy8a
Revise,"CCG Individual Cards (183454)","306958251777",SM - Crimson Invasion #15/111 Staryu,"US","USD","1.99",,"1",,,1899-ygy85
Revise,"CCG Individual Cards (183454)","306958251802",SWSH04: Vivid Voltage #104/185 Mightyena,"US","USD","1.99",,"1",,,1903-ygy8e
Revise,"CCG Individual Cards (183454)","306958251806",SM - Unified Minds #143/236 Cottonee,"US","USD","2.49",,"1",,,1902-ygy8c
Revise,"CCG Individual Cards (183454)","306958251814",SWSH04: Vivid Voltage #103/185 Poochyena,"US","USD","1.79",,"1",,,1905-ygy8i
Revise,"CCG Individual Cards (183454)","306958251815",SWSH01: Sword & Shield Base Set #052/202 Mantine,"US","USD","1.49",,"1",,,1900-ygy88
Revise,"CCG Individual Cards (183454)","306958251823",SM - Unbroken Bonds #108/214 Murkrow,"US","USD","1.49",,"1",,,1907-ygy8o
Revise,"CCG Individual Cards (183454)","306958251825",SWSH03: Darkness Ablaze #079/189 Morelull,"US","USD","1.49",,"1",,,1910-ygy8w
Revise,"CCG Individual Cards (183454)","306958251837",SWSH02: Rebel Clash #045/192 Palpitoad,"US","USD","1.49",,"1",,,1898-ygy83
Revise,"CCG Individual Cards (183454)","306958251845",SWSH01: Sword & Shield Base Set #081/202 Galarian Ponyta,"US","USD","1.99",,"1",,,1911-ygy8z
Revise,"CCG Individual Cards (183454)","306958251849",SM - Cosmic Eclipse #100/236 Cosmog,"US","USD","1.49",,"1",,,1912-ygy92
Revise,"CCG Individual Cards (183454)","306958251850",SM - Unified Minds #84/236 Mesprit,"US","USD","1.49",,"1",,,1909-ygy8t
Revise,"CCG Individual Cards (183454)","306958251852",SWSH04: Vivid Voltage #137/185 Exploud,"US","USD","1.49",,"1",,,1913-ygy94
Revise,"CCG Individual Cards (183454)","306958251861",SM - Crimson Invasion #43/111 Chimecho,"US","USD","1.49",,"1",,,1908-ygy8r
Revise,"CCG Individual Cards (183454)","306958251862",XY - Evolutions #67/108 Raticate,"US","USD","1.49",,"1",,,1914-ygy96
Revise,"CCG Individual Cards (183454)","306958251863",SWSH04: Vivid Voltage #105/185 Sableye,"US","USD","1.49",,"1",,,1904-ygy8g
Revise,"CCG Individual Cards (183454)","306958251866",SM - Lost Thunder #58/214 Mantine,"US","USD","1.99",,"1",,,1921-ygy9k
Revise,"CCG Individual Cards (183454)","306958251867",SWSH04: Vivid Voltage #135/185 Whismur,"US","USD","1.49",,"1",,,1919-ygy9f
Revise,"CCG Individual Cards (183454)","306958251885",SM - Unbroken Bonds #170/214 Energy Spinner,"US","USD","1.49",,"1",,,1923-ygy9o
Revise,"CCG Individual Cards (183454)","306958251889",SWSH04: Vivid Voltage #107/185 Sandile,"US","USD","1.49",,"1",,,1906-ygy8k
Revise,"CCG Individual Cards (183454)","306958251890",SWSH04: Vivid Voltage #139/185 Chatot,"US","USD","1.49",,"1",,,1918-ygy9e
Revise,"CCG Individual Cards (183454)","306958251902",SWSH02: Rebel Clash #025/192 Ninetales,"US","USD","2.49",,"1",,,1920-ygy9i
Revise,"CCG Individual Cards (183454)","306958251903",SM - Unified Minds #176/236 Unfezant,"US","USD","1.49",,"1",,,1917-ygy9c
Revise,"CCG Individual Cards (183454)","306958251922",SWSH02: Rebel Clash #145/192 Unfezant,"US","USD","1.49",,"1",,,1915-ygy98
Revise,"CCG Individual Cards (183454)","306958251923",SM - Crimson Invasion #75/111 Jangmo-o,"US","USD","1.99",,"1",,,1922-ygy9m
Revise,"CCG Individual Cards (183454)","306958251939",SM - Lost Thunder #12/214 Hoppip (12),"US","USD","1.49",,"1",,,1924-ygy9q
Revise,"CCG Individual Cards (183454)","306966792737",SV10: Destined Rivals #144/182 Steven's Metang,"US","USD","1.49",,"1",,,1933-yti63
Revise,"CCG Individual Cards (183454)","306966792739",SV10: Destined Rivals #090/182 Mankey,"US","USD","1.49",,"1",,,1929-yti5w
Revise,"CCG Individual Cards (183454)","306966792740",SV09: Journey Together #032/159 Articuno,"US","USD","1.49",,"1",,,1927-yti5s
Revise,"CCG Individual Cards (183454)","306966792741",SV09: Journey Together #148/159 Hop's Choice Band,"US","USD","1.49",,"1",,,1926-yti5r
Revise,"CCG Individual Cards (183454)","306966792742",SV10: Destined Rivals #019/182 Team Rocket's Tarountula,"US","USD","1.49",,"1",,,1931-yti60
Revise,"CCG Individual Cards (183454)","306966792743",SV10: Destined Rivals #147/182 Team Rocket's Rattata,"US","USD","1.49",,"1",,,1932-yti61
Revise,"CCG Individual Cards (183454)","306966792744",SV10: Destined Rivals #072/182 Team Rocket's Mareep,"US","USD","1.49",,"1",,,1930-yti5y
Revise,"CCG Individual Cards (183454)","306966792745",SV10: Destined Rivals #090/182 Mankey,"US","USD","1.49",,"1",,,1937-yti6a
Revise,"CCG Individual Cards (183454)","306966792747",SV10: Destined Rivals #072/182 Team Rocket's Mareep,"US","USD","1.49",,"1",,,1938-yti6d
Revise,"CCG Individual Cards (183454)","306966792748",SV10: Destined Rivals #048/182 Misty's Magikarp,"US","USD","1.49",,"1",,,1936-yti68
Revise,"CCG Individual Cards (183454)","306966792749",SV10: Destined Rivals #176/182 Team Rocket's Petrel,"US","USD","1.49",,"1",,,1934-yti65
Revise,"CCG Individual Cards (183454)","306966792750",SV10: Destined Rivals #140/182 Forretress,"US","USD","1.49",,"1",,,1941-yti6i
Revise,"CCG Individual Cards (183454)","306966792751",SV09: Journey Together #154/159 Postwick,"US","USD","1.49",,"1",,,1928-yti5v
Revise,"CCG Individual Cards (183454)","306966792752",SV07: Stellar Crown #097/142 Bombirdier,"US","USD","1.49",,"1",,,1945-yti6n
Revise,"CCG Individual Cards (183454)","306966792753",SV10: Destined Rivals #129/182 Cynthia's Spiritomb,"US","USD","1.49",,"1",,,1940-yti6f
Revise,"CCG Individual Cards (183454)","306966792754",SV09: Journey Together #049/159 N's Joltik,"US","USD","1.99",,"1",,,1925-yti5o
Revise,"CCG Individual Cards (183454)","306966792755",SV07: Stellar Crown #092/142 Swalot,"US","USD","1.49",,"1",,,1951-yti6z
Revise,"CCG Individual Cards (183454)","306966792756",SV10: Destined Rivals #019/182 Team Rocket's Tarountula,"US","USD","1.49",,"1",,,1939-yti6e
Revise,"CCG Individual Cards (183454)","306966792757",Miscellaneous Cards & Products #136/197 Darkrai (Cosmos Holo),"US","USD","1.99",,"1",,,1943-yti6k
Revise,"CCG Individual Cards (183454)","306966792758",SV10: Destined Rivals #047/182 Misty's Starmie,"US","USD","1.49",,"1",,,1935-yti67
Revise,"CCG Individual Cards (183454)","306966792759",SV07: Stellar Crown #027/142 Raboot,"US","USD","1.49",,"1",,,1948-yti6t
Revise,"CCG Individual Cards (183454)","306966792760",SV07: Stellar Crown #046/142 Electabuzz,"US","USD","1.49",,"1",,,1946-yti6q
Revise,"CCG Individual Cards (183454)","306966792761",SV07: Stellar Crown #125/142 Dubwool,"US","USD","1.49",,"1",,,1950-yti6x
Revise,"CCG Individual Cards (183454)","306966792762",Miscellaneous Cards & Products #129/198 Spiritomb,"US","USD","1.79",,"1",,,1944-yti6m
Revise,"CCG Individual Cards (183454)","306966792763",SV10: Destined Rivals #084/182 Steven's Claydol,"US","USD","1.49",,"1",,,1942-yti6j
Revise,"CCG Individual Cards (183454)","306966792765",SV07: Stellar Crown #126/142 Lechonk,"US","USD","1.49",,"1",,,1947-yti6r
Revise,"CCG Individual Cards (183454)","306966792767",ME03: Perfect Order #026/088 Shinx,"US","USD","1.49",,"1",,,1955-yti77
Revise,"CCG Individual Cards (183454)","306966792768",SV07: Stellar Crown #034/142 Azumarill,"US","USD","1.49",,"1",,,1949-yti6u
Revise,"CCG Individual Cards (183454)","306966792769",SV07: Stellar Crown #126/142 Lechonk Reverse Holo,"US","USD","1.79",,"1",,,1952-yti71
Revise,"CCG Individual Cards (183454)","306966792770",SV09: Journey Together #076/159 Cubone,"US","USD","1.99",,"1",,,1957-yti7b
Revise,"CCG Individual Cards (183454)","306966792774",SV07: Stellar Crown #102/142 Meltan Reverse Holo,"US","USD","2.49",,"1",,,1953-yti74
Revise,"CCG Individual Cards (183454)","306966792782",ME03: Perfect Order #018/088 Seel,"US","USD","1.49",,"1",,,1959-yti7e
Revise,"CCG Individual Cards (183454)","306966792783",ME03: Perfect Order #044/088 Tyrunt,"US","USD","1.49",,"1",,,1958-yti7c
Revise,"CCG Individual Cards (183454)","306966792784",SV07: Stellar Crown #041/142 Greninja ex,"US","USD","3.99",,"1",,,1954-yti75
Revise,"CCG Individual Cards (183454)","306966792785",ME03: Perfect Order #079/088 Naveen,"US","USD","1.49",,"1",,,1961-yti7h
Revise,"CCG Individual Cards (183454)","306966792787",ME03: Perfect Order #043/088 Barbaracle,"US","USD","1.49",,"1",,,1960-yti7g
Revise,"CCG Individual Cards (183454)","306966792789",SV09: Journey Together #115/159 Druddigon,"US","USD","1.49",,"1",,,1956-yti79
Revise,"CCG Individual Cards (183454)","306966792818",ME03: Perfect Order #085/088 Tarragon,"US","USD","1.49",,"1",,,1970-yti87
Revise,"CCG Individual Cards (183454)","306966792819",ME03: Perfect Order #054/088 Chien-Pao Reverse Holo,"US","USD","1.49",,"1",,,1965-yti7v
Revise,"CCG Individual Cards (183454)","306966792820",ME03: Perfect Order #052/088 Drapion,"US","USD","1.49",,"1",,,1971-yti89
Revise,"CCG Individual Cards (183454)","306966792821",ME03: Perfect Order #075/088 Jacinthe Reverse Holo,"US","USD","1.49",,"1",,,1964-yti7r
Revise,"CCG Individual Cards (183454)","306966792823",ME03: Perfect Order #017/088 Turtonator,"US","USD","1.49",,"1",,,1962-yti7j
Revise,"CCG Individual Cards (183454)","306966792825",ME03: Perfect Order #051/088 Skorupi,"US","USD","1.49",,"1",,,1967-yti81
Revise,"CCG Individual Cards (183454)","306966792827",ME03: Perfect Order #076/088 Judge Reverse Holo,"US","USD","1.49",,"1",,,1963-yti7m
Revise,"CCG Individual Cards (183454)","306966792828",ME03: Perfect Order #037/088 Nosepass,"US","USD","1.49",,"1",,,1966-yti80
Revise,"CCG Individual Cards (183454)","306966792829",ME03: Perfect Order #034/088 Meowstic,"US","USD","1.49",,"1",,,1969-yti86
Revise,"CCG Individual Cards (183454)","306966792835",ME03: Perfect Order #008/088 Spewpa Reverse Holo,"US","USD","1.49",,"1",,,1973-yti8d
Revise,"CCG Individual Cards (183454)","306966792839",ME03: Perfect Order #028/088 Luxray Holo,"US","USD","1.49",,"1",,,1974-yti8f
Revise,"CCG Individual Cards (183454)","306966792850",ME03: Perfect Order #080/088 Poke Ball,"US","USD","1.49",,"1",,,1968-yti84
Revise,"CCG Individual Cards (183454)","306979248540",Shining Legends #23/73 Floatzel,"US","USD","1.49",,"1",,,1980-z7hes
Revise,"CCG Individual Cards (183454)","306979248620",SV08: Surging Sparks #022/191 Pansear,"US","USD","1.49",,"1",,,1995-z7hgf
Revise,"CCG Individual Cards (183454)","306979248679",SM - Cosmic Eclipse #68/236 Magnemite,"US","USD","1.49",,"1",,,1986-z7hfr
Revise,"CCG Individual Cards (183454)","306979248683",Diamond and Pearl #95/130 Rhyhorn,"US","USD","1.99",,"1",,,1999-z7hgl
Revise,"CCG Individual Cards (183454)","306979248689",SV04: Paradox Rift #048/182 Wimpod Reverse Holo,"US","USD","1.49",,"1",,,1997-z7hgh
Revise,"CCG Individual Cards (183454)","306979248739",SV04: Paradox Rift #047/182 Wimpod Reverse Holo,"US","USD","1.49",,"1",,,1998-z7hgk
Revise,"CCG Individual Cards (183454)","306979248757",SM - Cosmic Eclipse #160/236 Jangmo-o Reverse Holo,"US","USD","1.99",,"1",,,1978-z7heo
Revise,"CCG Individual Cards (183454)","306979248766",SM - Team Up #4/181 Kakuna,"US","USD","1.99",,"1",,,1991-z7hg6
Revise,"CCG Individual Cards (183454)","306979248770",SM - Cosmic Eclipse #64/236 Dewpider,"US","USD","1.49",,"1",,,1993-z7hgb
Revise,"CCG Individual Cards (183454)","306979248771",SM - Guardians Rising #89/145 Clefable,"US","USD","1.49",,"1",,,1990-z7hg4
Revise,"CCG Individual Cards (183454)","306979248792",Legends Awakened #128/146 Yanma,"US","USD","1.49",,"1",,,1985-z7hfb
Revise,"CCG Individual Cards (183454)","306979248838",SWSH01: Sword & Shield Base Set #094/202 Hitmonlee,"US","USD","1.79",,"1",,,1976-z7hej
Revise,"CCG Individual Cards (183454)","306979248871",SWSH01: Sword & Shield Base Set #108/202 Silicobra (108),"US","USD","1.49",,"1",,,1975-z7heh
Revise,"CCG Individual Cards (183454)","306979248900",SM - Cosmic Eclipse #149/236 Flabebe Reverse Holo,"US","USD","1.99",,"1",,,1981-z7het
Revise,"CCG Individual Cards (183454)","306979248932",SM - Team Up #44/181 Blitzle Reverse Holo,"US","USD","1.99",,"1",,,1994-z7hgd
Revise,"CCG Individual Cards (183454)","306979248961",SWSH01: Sword & Shield Base Set #043/202 Krabby (043) Reverse Holo,"US","USD","1.49",,"1",,,1977-z7hen
Revise,"CCG Individual Cards (183454)","306979249010",SM - Crimson Invasion #5/111 Cacnea,"US","USD","1.49",,"1",,,1983-z7hf2
Revise,"CCG Individual Cards (183454)","306979249012",SM - Forbidden Light #29/131 Bergmite,"US","USD","1.49",,"1",,,1987-z7hfy
Revise,"CCG Individual Cards (183454)","306979249021",SM Base Set #90/149 Snubbull Reverse Holo,"US","USD","2.49",,"1",,,1992-z7hg9
Revise,"CCG Individual Cards (183454)","306979249031",SV08: Surging Sparks #114/191 Glimmet,"US","USD","1.49",,"1",,,1996-z7hgg
Revise,"CCG Individual Cards (183454)","306979249044",SM - Forbidden Light #85/131 Floette Reverse Holo,"US","USD","2.99",,"1",,,1982-z7hey
Revise,"CCG Individual Cards (183454)","306979249045",SM - Team Up #46/181 Emolga,"US","USD","1.99",,"1",,,1989-z7hg2
Revise,"CCG Individual Cards (183454)","306979249075",SM - Forbidden Light #7/131 Spewpa,"US","USD","1.49",,"1",,,1988-z7hg0
Revise,"CCG Individual Cards (183454)","307000375010",SWSH05: Battle Styles #021/163 Victini V,"US","USD","2.99",,"1",,,2006-101h4n
Revise,"CCG Individual Cards (183454)","307000375031",SWSH05: Battle Styles #079/163 Carkol,"US","USD","1.49",,"1",,,2007-101h4r
Revise,"CCG Individual Cards (183454)","307000375039",SWSH05: Battle Styles #055/163 Spoink,"US","USD","1.49",,"1",,,2004-101h4i
Revise,"CCG Individual Cards (183454)","307000375041",SWSH09: Brilliant Stars #081/172 Sawk,"US","USD","1.99",,"1",,,2000-101h49
Revise,"CCG Individual Cards (183454)","307000375042",SWSH05: Battle Styles #027/163 Salandit,"US","USD","1.99",,"1",,,2001-101h4c
Revise,"CCG Individual Cards (183454)","307000375048",SWSH05: Battle Styles #101/163 Bronzor,"US","USD","1.49",,"1",,,2002-101h4e
Revise,"CCG Individual Cards (183454)","307000375051",SWSH05: Battle Styles #072/163 Gliscor Reverse Holo,"US","USD","1.79",,"1",,,2015-101h5h
Revise,"CCG Individual Cards (183454)","307000375052",SWSH05: Battle Styles #004/163 Cacnea,"US","USD","1.49",,"1",,,2003-101h4g
Revise,"CCG Individual Cards (183454)","307000375056",SWSH05: Battle Styles #029/163 Sizzlipede,"US","USD","1.99",,"1",,,2013-101h59
Revise,"CCG Individual Cards (183454)","307000375058",SWSH05: Battle Styles #041/163 Frillish Reverse Holo,"US","USD","2.99",,"1",,,2005-101h4k
Revise,"CCG Individual Cards (183454)","307000375060",SWSH05: Battle Styles #121/163 Bruno,"US","USD","1.49",,"1",,,2008-101h4t
Revise,"CCG Individual Cards (183454)","307000375062",SWSH05: Battle Styles #015/163 Lurantis,"US","USD","1.49",,"1",,,2016-101h5l
Revise,"CCG Individual Cards (183454)","307000375064",SWSH05: Battle Styles #024/163 Pignite,"US","USD","1.49",,"1",,,2009-101h4w
Revise,"CCG Individual Cards (183454)","307000375066",SWSH05: Battle Styles #032/163 Seadra,"US","USD","1.49",,"1",,,2019-101h60
Revise,"CCG Individual Cards (183454)","307000375076",SWSH05: Battle Styles #141/163 Single Strike Energy,"US","USD","1.49",,"1",,,2017-101h5p
Revise,"CCG Individual Cards (183454)","307000375083",SWSH05: Battle Styles #057/163 Baltoy,"US","USD","1.49",,"1",,,2014-101h5c
Revise,"CCG Individual Cards (183454)","307000375086",SWSH05: Battle Styles #103/163 Pawniard,"US","USD","1.49",,"1",,,2011-101h52
Revise,"CCG Individual Cards (183454)","307000375098",SWSH03: Darkness Ablaze #134/189 Tauros,"US","USD","1.49",,"1",,,2020-101h68
Revise,"CCG Individual Cards (183454)","307000375099",SWSH03: Darkness Ablaze #070/189 Snubbull,"US","USD","1.49",,"1",,,2021-101h6g
Revise,"CCG Individual Cards (183454)","307000375109",SWSH03: Darkness Ablaze #012/189 Dartrix,"US","USD","1.49",,"1",,,2027-101h7j
Revise,"CCG Individual Cards (183454)","307000375111",SWSH03: Darkness Ablaze #108/189 Deino,"US","USD","1.49",,"1",,,2024-101h74
Revise,"CCG Individual Cards (183454)","307000375130",SWSH03: Darkness Ablaze #055/189 Mareep,"US","USD","1.49",,"1",,,2022-101h6n
Revise,"CCG Individual Cards (183454)","307000375136",SWSH02: Rebel Clash #052/192 Arrokuda,"US","USD","1.49",,"1",,,2031-101h7r
Revise,"CCG Individual Cards (183454)","307000375139",SWSH03: Darkness Ablaze #126/189 Klang,"US","USD","1.49",,"1",,,2028-101h7l
Revise,"CCG Individual Cards (183454)","307000375141",SWSH02: Rebel Clash #083/192 Hatenna,"US","USD","1.49",,"1",,,2030-101h7o
Revise,"CCG Individual Cards (183454)","307000375143",SWSH03: Darkness Ablaze #044/189 Galarian Darmanitan (44) Reverse Holo,"US","USD","1.99",,"1",,,2025-101h7d
Revise,"CCG Individual Cards (183454)","307000375144",SWSH03: Darkness Ablaze #026/189 Pansear,"US","USD","1.49",,"1",,,2023-101h6v
Revise,"CCG Individual Cards (183454)","307000375147",SWSH02: Rebel Clash #010/192 Surskit,"US","USD","1.49",,"1",,,2033-101h7u
Revise,"CCG Individual Cards (183454)","307000375153",SWSH03: Darkness Ablaze #171/189 Struggle Gloves,"US","USD","1.49",,"1",,,2029-101h7m
Revise,"CCG Individual Cards (183454)","307000375163",SWSH02: Rebel Clash #042/192 Pelipper,"US","USD","1.49",,"1",,,2039-101h83
Revise,"CCG Individual Cards (183454)","307000375164",SWSH02: Rebel Clash #164/192 Poke Ball,"US","USD","1.49",,"1",,,2038-101h82
Revise,"CCG Individual Cards (183454)","307000375165",SWSH02: Rebel Clash #118/192 Garbodor,"US","USD","2.49",,"1",,,2036-101h7z
Revise,"CCG Individual Cards (183454)","307000375178",SWSH02: Rebel Clash #126/192 Galarian Meowth,"US","USD","1.49",,"1",,,2032-101h7s
Revise,"CCG Individual Cards (183454)","307000375179",SWSH02: Rebel Clash #098/192 Medicham,"US","USD","1.99",,"1",,,2037-101h80
Revise,"CCG Individual Cards (183454)","307000375181",SWSH02: Rebel Clash #012/192 Snover,"US","USD","1.49",,"1",,,2041-101h86
Revise,"CCG Individual Cards (183454)","307000375184",SWSH02: Rebel Clash #151/192 Skwovet,"US","USD","1.49",,"1",,,2040-101h85
Revise,"CCG Individual Cards (183454)","307000375187",SWSH02: Rebel Clash #076/192 Natu,"US","USD","1.99",,"1",,,2042-101h87
Revise,"CCG Individual Cards (183454)","307000375189",SWSH02: Rebel Clash #164/192 Poke Ball Reverse Holo,"US","USD","1.49",,"1",,,2035-101h7y
Revise,"CCG Individual Cards (183454)","307000375190",SWSH02: Rebel Clash #117/192 Trubbish,"US","USD","1.49",,"1",,,2043-101h88
Revise,"CCG Individual Cards (183454)","307000375199",SWSH02: Rebel Clash #147/192 Diggersby Reverse Holo,"US","USD","1.99",,"1",,,2045-101h8b
Revise,"CCG Individual Cards (183454)","307000375203",SWSH02: Rebel Clash #082/192 Palossand,"US","USD","1.49",,"1",,,2049-101h8i
Revise,"CCG Individual Cards (183454)","307000375211",SWSH02: Rebel Clash #143/192 Pidove,"US","USD","1.99",,"1",,,2044-101h89
Revise,"CCG Individual Cards (183454)","307000375215",SWSH02: Rebel Clash #051/192 Cramorant,"US","USD","1.49",,"1",,,2046-101h8d
Revise,"CCG Individual Cards (183454)","307000375224",SWSH02: Rebel Clash #042/192 Pelipper,"US","USD","1.49",,"1",,,2048-101h8f
Revise,"CCG Individual Cards (183454)","307000375228",SWSH05: Battle Styles #011/163 Scatterbug,"US","USD","1.49",,"1",,,2051-101h8k
Revise,"CCG Individual Cards (183454)","307000375233",ME03: Perfect Order #001/088 Spinarak,"US","USD","1.49",,"1",,,2052-101h8m
Revise,"CCG Individual Cards (183454)","307000375256",SWSH02: Rebel Clash #173/192 Speed L Energy,"US","USD","1.79",,"1",,,2047-101h8e
Revise,"CCG Individual Cards (183454)","307000375302",ME03: Perfect Order #004/088 Snivy,"US","USD","1.49",,"1",,,2053-101h8n
Revise,"CCG Individual Cards (183454)","307000375307",SWSH05: Battle Styles #017/163 Blipbug,"US","USD","1.49",,"1",,,2010-101h4z
Revise,"CCG Individual Cards (183454)","307000375308",SV07: Stellar Crown #138/142 Kofu,"US","USD","1.49",,"1",,,2059-101h90
Revise,"CCG Individual Cards (183454)","307000375317",SV07: Stellar Crown #033/142 Marill,"US","USD","1.49",,"1",,,2054-101h8p
Revise,"CCG Individual Cards (183454)","307000375323",SWSH07: Evolving Skies #128/203 Smeargle,"US","USD","1.49",,"1",,,2060-101h92
Revise,"CCG Individual Cards (183454)","307000375326",SV07: Stellar Crown #120/142 Tornadus,"US","USD","1.49",,"1",,,2058-101h8x
Revise,"CCG Individual Cards (183454)","307000375329",SWSH05: Battle Styles #122/163 Camping Gear,"US","USD","1.49",,"1",,,2018-101h5u
Revise,"CCG Individual Cards (183454)","307000375330",SWSH05: Battle Styles #066/163 Mankey,"US","USD","1.49",,"1",,,2012-101h56
Revise,"CCG Individual Cards (183454)","307000375331",SV07: Stellar Crown #010/142 Gossifleur,"US","USD","1.49",,"1",,,2055-101h8r
Revise,"CCG Individual Cards (183454)","307000375332",SV07: Stellar Crown #141/142 Payapa Berry,"US","USD","1.49",,"1",,,2057-101h8v
Revise,"CCG Individual Cards (183454)","307000375344",SV07: Stellar Crown #046/142 Electabuzz,"US","USD","1.49",,"1",,,2056-101h8t
Revise,"CCG Individual Cards (183454)","307000375345",SWSH08: Fusion Strike #066/264 Huntail,"US","USD","2.49",,"1",,,2063-101h97
Revise,"CCG Individual Cards (183454)","307000375346",SWSH08: Fusion Strike #230/264 Cross Switcher,"US","USD","1.49",,"1",,,2064-101h99
Revise,"CCG Individual Cards (183454)","307000375347",SV07: Stellar Crown #121/142 Fletchling,"US","USD","1.49",,"1",,,2062-101h95
Revise,"CCG Individual Cards (183454)","307000375348",SWSH08: Fusion Strike #110/264 Jigglypuff,"US","USD","1.99",,"1",,,2061-101h93
Revise,"CCG Individual Cards (183454)","307000375363",SWSH07: Evolving Skies #012/203 Crustle,"US","USD","1.49",,"1",,,2068-101h9h
Revise,"CCG Individual Cards (183454)","307000375364",SWSH09: Brilliant Stars #030/172 Staryu,"US","USD","2.79",,"1",,,2070-101h9l
Revise,"CCG Individual Cards (183454)","307000375367",SWSH08: Fusion Strike #215/264 Diggersby,"US","USD","1.49",,"1",,,2066-101h9d
Revise,"CCG Individual Cards (183454)","307000375368",SWSH05: Battle Styles #071/163 Gligar,"US","USD","1.49",,"1",,,2067-101h9f
Revise,"CCG Individual Cards (183454)","307000375371",SWSH07: Evolving Skies #151/203 Moon & Sun Badge,"US","USD","1.49",,"1",,,2069-101h9k
Revise,"CCG Individual Cards (183454)","307000375374",SWSH08: Fusion Strike #241/264 Sidney,"US","USD","1.49",,"1",,,2065-101h9c
Revise,"CCG Individual Cards (183454)","307000375389",SWSH09: Brilliant Stars #081/172 Sawk,"US","USD","1.99",,"1",,,2072-101h9p
Revise,"CCG Individual Cards (183454)","307000375394",SWSH09: Brilliant Stars #012/172 Cherubi,"US","USD","1.99",,"1",,,2073-101h9q
Revise,"CCG Individual Cards (183454)","307000375402",SWSH09: Brilliant Stars #052/172 Pachirisu Reverse Holo,"US","USD","1.99",,"1",,,2075-101h9u
Revise,"CCG Individual Cards (183454)","307000375410",SWSH09: Brilliant Stars #023/172 Torkoal,"US","USD","1.49",,"1",,,2077-101h9x
Revise,"CCG Individual Cards (183454)","307000375411",SWSH09: Brilliant Stars #015/172 Karrablast,"US","USD","1.49",,"1",,,2081-101ha5
Revise,"CCG Individual Cards (183454)","307000375419",SWSH09: Brilliant Stars #078/172 Riolu,"US","USD","1.49",,"1",,,2074-101h9t
Revise,"CCG Individual Cards (183454)","307000375425",SWSH09: Brilliant Stars #070/172 Milcery,"US","USD","1.49",,"1",,,2080-101ha3
Revise,"CCG Individual Cards (183454)","307000375430",SWSH09: Brilliant Stars #151/172 Double Turbo Energy,"US","USD","1.49",,"1",,,2078-101ha0
Revise,"CCG Individual Cards (183454)","307000375431",SWSH09: Brilliant Stars #092/172 Impidimp Reverse Holo,"US","USD","1.99",,"1",,,2084-101hab
Revise,"CCG Individual Cards (183454)","307000375432",SWSH09: Brilliant Stars #053/172 Clefairy,"US","USD","1.99",,"1",,,2082-101ha8
Revise,"CCG Individual Cards (183454)","307000375441",SWSH09: Brilliant Stars #099/172 Probopass,"US","USD","1.49",,"1",,,2079-101ha1
Revise,"CCG Individual Cards (183454)","307000375444",SWSH09: Brilliant Stars #012/172 Cherubi,"US","USD","1.99",,"1",,,2083-101haa
Revise,"CCG Individual Cards (183454)","307000375447",SWSH06: Chilling Reign #026/198 Scorbunny,"US","USD","1.99",,"1",,,2090-101han
Revise,"CCG Individual Cards (183454)","307000375449",SWSH06: Chilling Reign #109/198 Aron,"US","USD","1.49",,"1",,,2091-101hap
Revise,"CCG Individual Cards (183454)","307000375450",SWSH06: Chilling Reign #035/198 Snorunt,"US","USD","1.79",,"1",,,2092-101has
Revise,"CCG Individual Cards (183454)","307000375453",SWSH09: Brilliant Stars #134/172 Cheren's Care,"US","USD","1.49",,"1",,,2085-101had
Revise,"CCG Individual Cards (183454)","307000375454",SWSH06: Chilling Reign #136/198 Echoing Horn Reverse Holo,"US","USD","1.49",,"1",,,2093-101hau
Revise,"CCG Individual Cards (183454)","307000375457",SWSH09: Brilliant Stars #143/172 Kindler,"US","USD","1.49",,"1",,,2087-101hai
Revise,"CCG Individual Cards (183454)","307000375476",SWSH06: Chilling Reign #016/198 Grookey,"US","USD","1.49",,"1",,,2089-101hal
Revise,"CCG Individual Cards (183454)","307000375479",SWSH08: Fusion Strike #195/264 Goomy Reverse Holo,"US","USD","1.99",,"1",,,2096-101haz
Revise,"CCG Individual Cards (183454)","307000375484",SWSH06: Chilling Reign #095/198 Weezing,"US","USD","1.99",,"1",,,2094-101hav
Revise,"CCG Individual Cards (183454)","307000375498",SWSH06: Chilling Reign #084/198 Crabrawler,"US","USD","1.49",,"1",,,2088-101hak
Revise,"CCG Individual Cards (183454)","307000375500",SWSH09: Brilliant Stars #052/172 Pachirisu,"US","USD","1.49",,"1",,,2086-101hag
Revise,"CCG Individual Cards (183454)","307000375501",SWSH06: Chilling Reign #027/198 Raboot,"US","USD","1.49",,"1",,,2095-101hay
Revise,"CCG Individual Cards (183454)","307000375510",SWSH08: Fusion Strike #184/264 Durant,"US","USD","1.49",,"1",,,2100-101hb8
Revise,"CCG Individual Cards (183454)","307000375518",SWSH08: Fusion Strike #144/264 Baltoy,"US","USD","1.49",,"1",,,2097-101hb1
Revise,"CCG Individual Cards (183454)","307000375534",SWSH05: Battle Styles #038/163 Corphish,"US","USD","1.99",,"1",,,2050-101h8j
Revise,"CCG Individual Cards (183454)","307000375541",SWSH08: Fusion Strike #037/264 Pansear,"US","USD","1.99",,"1",,,2099-101hb5
Revise,"CCG Individual Cards (183454)","307000375590",SWSH06: Chilling Reign #151/198 Rapid Strike Scroll of the Skies,"US","USD","1.49",,"1",,,2102-101hbb
Revise,"CCG Individual Cards (183454)","307000375592",SWSH07: Evolving Skies #089/203 Palpitoad,"US","USD","1.49",,"1",,,2101-101hb9
Revise,"CCG Individual Cards (183454)","307000375612",SWSH06: Chilling Reign #129/198 Agatha,"US","USD","1.49",,"1",,,2103-101hbc
Revise,"CCG Individual Cards (183454)","307008272974",ME03: Perfect Order #013/088 Fletchinder Reverse Holo,"US","USD","1.49",,"1",,,2111-10c4nd
Revise,"CCG Individual Cards (183454)","307008272978",SWSH03: Darkness Ablaze #174/189 Heat R Energy,"US","USD","1.49",,"1",,,2114-10c4no
Revise,"CCG Individual Cards (183454)","307008272979",ME03: Perfect Order #104/088 Mega Zygarde ex,"US","USD","10.99",,"1",,,2113-10c4nl
Revise,"CCG Individual Cards (183454)","307008272981",ME03: Perfect Order #015/088 Salandit Reverse Holo,"US","USD","1.49",,"1",,,2112-10c4ng
Revise,"CCG Individual Cards (183454)","307008272989",ME03: Perfect Order #009/088 Vivillon,"US","USD","1.49",,"1",,,2108-10c4n1
Revise,"CCG Individual Cards (183454)","307008272993",SWSH05: Battle Styles #053/163 Boltund Reverse Holo,"US","USD","2.49",,"1",,,2119-10c4o8
Revise,"CCG Individual Cards (183454)","307008272995",SWSH05: Battle Styles #094/163 Honchkrow,"US","USD","1.49",,"1",,,2115-10c4ns
Revise,"CCG Individual Cards (183454)","307008272996",ME03: Perfect Order #075/088 Jacinthe,"US","USD","1.49",,"1",,,2110-10c4n9
Revise,"CCG Individual Cards (183454)","307008273001",ME03: Perfect Order #005/088 Servine,"US","USD","1.49",,"1",,,2104-10c4lz
Revise,"CCG Individual Cards (183454)","307008273002",ME04: Chaos Rising #066/086 Goomy,"US","USD","1.49",,"1",,,2122-10c4oo
Revise,"CCG Individual Cards (183454)","307008273003",ME03: Perfect Order #015/088 Salandit,"US","USD","1.49",,"1",,,2107-10c4mw
Revise,"CCG Individual Cards (183454)","307008273004",SWSH05: Battle Styles #052/163 Yamper,"US","USD","1.99",,"1",,,2117-10c4o0
Revise,"CCG Individual Cards (183454)","307008273010",ME04: Chaos Rising #052/086 Qwilfish,"US","USD","1.49",,"1",,,2121-10c4oj
Revise,"CCG Individual Cards (183454)","307008273012",ME04: Chaos Rising #038/086 Phantump,"US","USD","1.49",,"1",,,2123-10c4ou
Revise,"CCG Individual Cards (183454)","307008273014",SWSH05: Battle Styles #011/163 Scatterbug,"US","USD","1.49",,"1",,,2118-10c4o4
Revise,"CCG Individual Cards (183454)","307008273017",ME03: Perfect Order #048/088 Gastly,"US","USD","1.49",,"1",,,2106-10c4mk
Revise,"CCG Individual Cards (183454)","307008273018",SWSH05: Battle Styles #099/163 Steelix,"US","USD","1.99",,"1",,,2120-10c4oc
Revise,"CCG Individual Cards (183454)","307008273032",ME03: Perfect Order #027/088 Luxio,"US","USD","1.49",,"1",,,2109-10c4n5
Revise,"CCG Individual Cards (183454)","307008273037",ME04: Chaos Rising #020/086 Froakie,"US","USD","1.99",,"1",,,2124-10c4ox
Revise,"CCG Individual Cards (183454)","307008273038",ME04: Chaos Rising #083/086 Transformation Tome,"US","USD","1.49",,"1",,,2127-10c4pe
Revise,"CCG Individual Cards (183454)","307008273041",ME04: Chaos Rising #074/086 Adversity Policy,"US","USD","1.49",,"1",,,2125-10c4p2
Revise,"CCG Individual Cards (183454)","307008273050",ME04: Chaos Rising #069/086 Tauros,"US","USD","1.99",,"1",,,2126-10c4p6
Revise,"CCG Individual Cards (183454)","307008273053",SWSH05: Battle Styles #113/163 Lickitung,"US","USD","1.49",,"1",,,2116-10c4nw
Revise,"CCG Individual Cards (183454)","307008273057",ME04: Chaos Rising #043/086 Sudowoodo Reverse Holo,"US","USD","1.49",,"1",,,2128-10c4pj
Revise,"CCG Individual Cards (183454)","307008273066",ME04: Chaos Rising #029/086 Ampharos Holo,"US","USD","1.99",,"1",,,2130-10c4q2
Revise,"CCG Individual Cards (183454)","307008273070",ME03: Perfect Order #032/088 Mawile,"US","USD","1.49",,"1",,,2105-10c4m8
Revise,"CCG Individual Cards (183454)","307008273072",ME04: Chaos Rising #044/086 Phanpy,"US","USD","1.49",,"1",,,2131-10c4q7
Revise,"CCG Individual Cards (183454)","307008273078",ME04: Chaos Rising #068/086 Goodra Reverse Holo,"US","USD","1.49",,"1",,,2129-10c4pu
Revise,"CCG Individual Cards (183454)","307008273112",ME04: Chaos Rising #059/086 Beldum,"US","USD","1.49",,"1",,,2133-10c4ql
Revise,"CCG Individual Cards (183454)","307008273116",ME04: Chaos Rising #004/086 Carnivine,"US","USD","1.49",,"1",,,2132-10c4qf
Revise,"CCG Individual Cards (183454)","307008273140",ME04: Chaos Rising #028/086 Flaaffy,"US","USD","1.49",,"1",,,2134-10c4qq
Revise,"CCG Individual Cards (183454)","307008273205",ME04: Chaos Rising #057/086 Garbodor,"US","USD","1.79",,"1",,,2136-10c4r2
Revise,"CCG Individual Cards (183454)","307008273207",ME04: Chaos Rising #037/086 Meowstic,"US","USD","1.49",,"1",,,2135-10c4qv
Revise,"CCG Individual Cards (183454)","307008273208",ME04: Chaos Rising #069/086 Tauros,"US","USD","1.99",,"1",,,2137-10c4r9
Revise,"CCG Individual Cards (183454)","307008273217",ME04: Chaos Rising #085/086 Magnetic M Energy Holo,"US","USD","1.49",,"1",,,2140-10c4rv
Revise,"CCG Individual Cards (183454)","307008273221",ME03: Perfect Order #058/088 Aegislash,"US","USD","1.49",,"1",,,2145-10c4te
Revise,"CCG Individual Cards (183454)","307008273225",ME: Mega Evolution Promo #068 Makuhita,"US","USD","1.99",,"1",,,2141-10c4rz
Revise,"CCG Individual Cards (183454)","307008273226",ME03: Perfect Order #025/088 Volcanion,"US","USD","1.49",,"1",,,2144-10c4t3
Revise,"CCG Individual Cards (183454)","307008273230",ME03: Perfect Order #011/088 Dartrix,"US","USD","1.49",,"1",,,2147-10c4tr
Revise,"CCG Individual Cards (183454)","307008273231",ME03: Perfect Order #074/088 Hole-Digging Shovel,"US","USD","1.49",,"1",,,2142-10c4s7
Revise,"CCG Individual Cards (183454)","307008273234",ME04: Chaos Rising #024/086 Avalugg Reverse Holo,"US","USD","1.49",,"1",,,2139-10c4ro
Revise,"CCG Individual Cards (183454)","307008273235",ME03: Perfect Order #056/088 Honedge Reverse Holo,"US","USD","1.49",,"1",,,2146-10c4tl
Revise,"CCG Individual Cards (183454)","307008273245",ME03: Perfect Order #060/088 Rattata,"US","USD","1.49",,"1",,,2143-10c4sq
Revise,"CCG Individual Cards (183454)","307008273249",ME03: Perfect Order #019/088 Dewgong Holo,"US","USD","1.49",,"1",,,2150-10c4u7
Revise,"CCG Individual Cards (183454)","307008273256",ME03: Perfect Order #056/088 Honedge,"US","USD","1.49",,"1",,,2149-10c4u1
Revise,"CCG Individual Cards (183454)","307008273276",ME03: Perfect Order #073/088 Energy Swatter,"US","USD","1.49",,"1",,,2148-10c4tw
Revise,"CCG Individual Cards (183454)","307008273283",ME04: Chaos Rising #031/086 Deoxys,"US","USD","1.49",,"1",,,2155-10c4uu
Revise,"CCG Individual Cards (183454)","307008273296",ME04: Chaos Rising #066/086 Goomy,"US","USD","1.49",,"1",,,2151-10c4ub
Revise,"CCG Individual Cards (183454)","307008273324",ME04: Chaos Rising #077/086 Emma,"US","USD","1.49",,"1",,,2156-10c4uz
Revise,"CCG Individual Cards (183454)","307008273335",ME04: Chaos Rising #053/086 Stunky,"US","USD","1.49",,"1",,,2154-10c4up
Revise,"CCG Individual Cards (183454)","307008273337",ME04: Chaos Rising #020/086 Froakie,"US","USD","1.99",,"1",,,2153-10c4ul
Revise,"CCG Individual Cards (183454)","307008273347",ME04: Chaos Rising #048/086 Mega Gallade ex,"US","USD","1.99",,"1",,,2160-10c4vj
Revise,"CCG Individual Cards (183454)","307008273350",ME04: Chaos Rising #038/086 Phantump,"US","USD","1.49",,"1",,,2152-10c4ug
Revise,"CCG Individual Cards (183454)","307008273380",ME04: Chaos Rising #057/086 Garbodor,"US","USD","1.99",,"1",,,2157-10c4v3
Revise,"CCG Individual Cards (183454)","307008273401",ME04: Chaos Rising #071/086 Watchog,"US","USD","1.49",,"1",,,2162-10c4vw
Revise,"CCG Individual Cards (183454)","307008273426",ME04: Chaos Rising #066/086 Goomy Reverse Holo,"US","USD","1.49",,"1",,,2158-10c4v7
Revise,"CCG Individual Cards (183454)","307008273429",ME04: Chaos Rising #014/086 Litleo,"US","USD","1.49",,"1",,,2161-10c4vo
Revise,"CCG Individual Cards (183454)","307008273432",ME04: Chaos Rising #046/086 Baltoy Reverse Holo,"US","USD","1.49",,"1",,,2159-10c4vd
Revise,"CCG Individual Cards (183454)","307008273475",ME04: Chaos Rising #017/086 Octillery,"US","USD","1.49",,"1",,,2163-10c4w2
Revise,"CCG Individual Cards (183454)","307008273500",ME04: Chaos Rising #044/086 Phanpy,"US","USD","1.49",,"1",,,2164-10c4w6
Revise,"CCG Individual Cards (183454)","307008273518",ME04: Chaos Rising #063/086 Ferrothorn,"US","USD","1.49",,"1",,,2165-10c4wa
Revise,"CCG Individual Cards (183454)","307008273637",ME04: Chaos Rising #009/086 Ninetales,"US","USD","1.49",,"1",,,2166-10c4wd
Revise,"CCG Individual Cards (183454)","307008273654",ME04: Chaos Rising #045/086 Donphan Reverse Holo,"US","USD","1.49",,"1",,,2168-10c4wm
Revise,"CCG Individual Cards (183454)","307008273709",ME04: Chaos Rising #080/086 Prism Tower,"US","USD","1.49",,"1",,,2167-10c4wg
Revise,"CCG Individual Cards (183454)","307008273766",ME04: Chaos Rising #018/086 Delibird Reverse Holo,"US","USD","1.49",,"1",,,2169-10c4wr
Revise,"CCG Individual Cards (183454)","307008273780",ME04: Chaos Rising #085/086 Magnetic M Energy,"US","USD","1.49",,"1",,,2170-10c4x1
Revise,"CCG Individual Cards (183454)","307008273786",ME04: Chaos Rising #040/086 Pumpkaboo,"US","USD","1.49",,"1",,,2171-10c4xd
Revise,"CCG Individual Cards (183454)","307008273805",ME04: Chaos Rising #026/086 Golisopod,"US","USD","1.49",,"1",,,2175-10c4yg
Revise,"CCG Individual Cards (183454)","307008273811",ME04: Chaos Rising #004/086 Carnivine,"US","USD","1.49",,"1",,,2172-10c4xx
Revise,"CCG Individual Cards (183454)","307008273816",ME04: Chaos Rising #026/086 Golisopod Reverse Holo,"US","USD","1.79",,"1",,,2178-10c4yu
Revise,"CCG Individual Cards (183454)","307008273822",ME04: Chaos Rising #028/086 Flaaffy,"US","USD","1.49",,"1",,,2181-10c4zb
Revise,"CCG Individual Cards (183454)","307008273823",ME04: Chaos Rising #049/086 Zubat,"US","USD","1.49",,"1",,,2173-10c4y4
Revise,"CCG Individual Cards (183454)","307008273830",ME04: Chaos Rising #008/086 Vulpix,"US","USD","1.49",,"1",,,2183-10c4zp
Revise,"CCG Individual Cards (183454)","307008273835",ME04: Chaos Rising #062/086 Ferroseed,"US","USD","1.49",,"1",,,2174-10c4yb
Revise,"CCG Individual Cards (183454)","307008273837",ME04: Chaos Rising #047/086 Claydol,"US","USD","1.49",,"1",,,2176-10c4yl
Revise,"CCG Individual Cards (183454)","307008273838",ME04: Chaos Rising #076/086 AZ's Tranquility,"US","USD","1.49",,"1",,,2177-10c4yr
Revise,"CCG Individual Cards (183454)","307008273845",ME04: Chaos Rising #057/086 Garbodor Reverse Holo,"US","USD","1.79",,"1",,,2179-10c4z2
Revise,"CCG Individual Cards (183454)","307008273847",ME04: Chaos Rising #054/086 Skuntank,"US","USD","1.49",,"1",,,2184-10c4zu
Revise,"CCG Individual Cards (183454)","307008273853",ME04: Chaos Rising #037/086 Meowstic,"US","USD","1.49",,"1",,,2185-10c4zy
Revise,"CCG Individual Cards (183454)","307008273855",ME04: Chaos Rising #020/086 Froakie,"US","USD","1.99",,"1",,,2182-10c4zf
Revise,"CCG Individual Cards (183454)","307008273863",ME04: Chaos Rising #002/086 Kakuna,"US","USD","1.49",,"1",,,2180-10c4z5
Revise,"CCG Individual Cards (183454)","307008273864",ME: Mega Evolution Promo #068 Makuhita,"US","USD","1.99",,"1",,,2189-10c50g
Revise,"CCG Individual Cards (183454)","307008273867",ME04: Chaos Rising #021/086 Frogadier Reverse Holo,"US","USD","1.99",,"1",,,2187-10c508
Revise,"CCG Individual Cards (183454)","307008273868",ME04: Chaos Rising #077/086 Emma,"US","USD","1.49",,"1",,,2186-10c502
Revise,"CCG Individual Cards (183454)","307023447455",ME01: Mega Evolution #130/132 Switch,"US","USD","1.49",,"1",,,2201-10uxmx
Revise,"CCG Individual Cards (183454)","307023447461",SV06: Twilight Masquerade #031/167 Chimchar,"US","USD","1.49",,"1",,,2207-10uxn5
Revise,"CCG Individual Cards (183454)","307023447462",SV08: Surging Sparks #105/191 Vibrava Reverse Holo,"US","USD","1.99",,"1",,,2204-10uxn1
Revise,"CCG Individual Cards (183454)","307023447464",ME01: Mega Evolution #124/132 Premium Power Pro,"US","USD","1.49",,"1",,,2191-10uxmh
Revise,"CCG Individual Cards (183454)","307023447467",SV06: Twilight Masquerade #003/167 Pinsir,"US","USD","1.49",,"1",,,2208-10uxn6
Revise,"CCG Individual Cards (183454)","307023447468",SV08: Surging Sparks #071/191 Togetic,"US","USD","1.49",,"1",,,2194-10uxmn
Revise,"CCG Individual Cards (183454)","307023447470",SV06: Twilight Masquerade #051/167 Snorunt,"US","USD","1.49",,"1",,,2205-10uxn2
Revise,"CCG Individual Cards (183454)","307023447471",SV06: Twilight Masquerade #153/167 Jamming Tower,"US","USD","1.49",,"1",,,2209-10uxn8
Revise,"CCG Individual Cards (183454)","307023447472",SV08: Surging Sparks #059/191 Magneton,"US","USD","1.49",,"1",,,2197-10uxmr
Revise,"CCG Individual Cards (183454)","307023447473",SV08: Surging Sparks #027/191 Sizzlipede,"US","USD","1.49",,"1",,,2195-10uxmo
Revise,"CCG Individual Cards (183454)","307023447475",XY - Evolutions #41/108 Electabuzz,"US","USD","1.49",,"1",,,2190-10uxmg
Revise,"CCG Individual Cards (183454)","307023447476",SV08: Surging Sparks #126/191 Bronzor,"US","USD","1.49",,"1",,,2196-10uxmp
Revise,"CCG Individual Cards (183454)","307023447477",ME01: Mega Evolution #007/132 Tangrowth,"US","USD","1.49",,"1",,,2192-10uxmj
Revise,"CCG Individual Cards (183454)","307023447478",ME01: Mega Evolution #025/132 Volcanion,"US","USD","1.49",,"1",,,2203-10uxn0
Revise,"CCG Individual Cards (183454)","307023447479",SV06: Twilight Masquerade #054/167 Glaceon,"US","USD","1.49",,"1",,,2210-10uxn9
Revise,"CCG Individual Cards (183454)","307023447480",SV08: Surging Sparks #114/191 Glimmet,"US","USD","1.49",,"1",,,2193-10uxml
Revise,"CCG Individual Cards (183454)","307023447481",SV06: Twilight Masquerade #121/167 Lairon,"US","USD","1.49",,"1",,,2206-10uxn4
Revise,"CCG Individual Cards (183454)","307023447483",SWSH03: Darkness Ablaze #170/189 Spikemuth,"US","USD","1.49",,"1",,,2214-10uxne
Revise,"CCG Individual Cards (183454)","307023447485",ME01: Mega Evolution #004/132 Exeggcute,"US","USD","1.49",,"1",,,2202-10uxmy
Revise,"CCG Individual Cards (183454)","307023447486",ME01: Mega Evolution #069/132 Sandslash,"US","USD","1.49",,"1",,,2199-10uxmu
Revise,"CCG Individual Cards (183454)","307023447487",ME01: Mega Evolution #054/132 Abra,"US","USD","1.49",,"1",,,2200-10uxmw
Revise,"CCG Individual Cards (183454)","307023447490",SWSH03: Darkness Ablaze #042/189 Simipour,"US","USD","1.49",,"1",,,2213-10uxnd
Revise,"CCG Individual Cards (183454)","307023447491",SWSH03: Darkness Ablaze #122/189 Lairon,"US","USD","1.49",,"1",,,2212-10uxnc
Revise,"CCG Individual Cards (183454)","307023447493",SV06: Twilight Masquerade #098/167 Sandslash,"US","USD","1.49",,"1",,,2211-10uxna
Revise,"CCG Individual Cards (183454)","307023447495",SV08: Surging Sparks #179/191 Lisia's Appeal,"US","USD","1.49",,"1",,,2198-10uxms